ID ,Text,Sentiment_text,Sentiment_label
1,ខ្ញុំចូលចិត្តវា,Positive ,1
2,ផលិតផលនេះគុណភាពល្អ,Positive ,1
3,ប្រើប្រាស់មិនបានយូ ហើយថ្លៃទៀត,Negative,0
4,នៅតែពេញនិយមស្តាប់មិនធុញ,Positive ,1
5,ខ្ញុំអត់ចូលចិត្តត្រង់ កាមេរ៉ា មហាអន់ និយាយមែន,Negative,0
6,ខ្ញុំអត់ពេញចិត្តរូប១សន្លឹកដែលថតនោះ,Negative,0
7,ផលិតបានល្អខ្លាំងណាស់,Positive ,1
8,ខ្ញុំស្ដាប់10ដងហើយនៅតែពិរស់,Positive ,1
9,អ្នកបើកបរមានសុជីវធម៍ល្អ លើកក្រោយចង់ជិះជាមួយគាត់ទៀត,Positive ,1
10,សូមខំមិនរឿងអ្នកបើកបរម្សិលមិញពីសៀមរាបមកភ្នំពេញម៉ោង3កន្លះរសៀលអ្នកបើកបរលឿនហួសហេតុឈ្លើយឈប់ចូលបត់ជើង ម៉ាននាទីហូបបាយម៉ាននាទីក៏មិនប្រាប់បើកលឿនខ្លាំងដល់ថ្នាក់ខ្ញុំអង្គុយនៅខាងមុខចង់ក្អួតម៉ានដង,Negative,0
11,ល្អតែម្ដងគុណភាពរបស់គេ,Positive,1
12,រឿងហ្នឹងល្អមើល,Positive,1
13,ល្អមើលមែន Rate អោយ 9/10 តែអត់យល់ហេតុអីបានគេយំ? ខ្ញុំមើលអត់យំផង,Positive,1
14,Rate8.5/10 ល្អមើល តែអត់យល់មិចបានគេយំ តែបើសិនជាយករឿងញុមមកសម្ដែងប្រហែលយំខ្លាំងជាងនឹងទៅទៀត,Positive,1
15,មើលហើយៗ. អត់យំអីផង. តែល្អមើលគួរសម តួស្អាតៗ,Positive,1
16,រឿងនឹងវគ្គ1មើលស្តាយលុយណាស់ ចឹងអត់មើលទៀតទេ4/10,Negative,0
17,ពិរោះណាស់ សូមអគុណ ដល់លោក ដែលបានខំស្រាវជ្រាវរក្សាទុក,Positive ,1
18,ពិរោះណាស់ខ្ញុំចូលចិត្តស្តាប់បទពីដើម,Positive ,1
19,ស្តាប់នៅតែពិរោះមិនសាបសូន្យ,Positive ,1
20,មាននាក់ស្តាប់តើ,Positive ,1
21,ចូលចិត្ត,Positive ,1
22,គ្រាប់ពេជ្រនៅតែគ្រាប់ពេជ្រ,Positive ,1
23,ទាល់តែឧកញ៉ាធ្លាក់ខ្លួនបែបនេះ ទើបម្នាក់ៗពេញចិត្ត,Negative ,0
24,ខានលឺយូហើយអាយដល,Positive ,1
25,បងធំ មន្ត មកវិញហេីយ,Positive ,1
26,រង់ចាំយូរហេីយ​ អាយដល,Positive ,1
27,អានេះមើងាយគេសាហាវ,Negative ,0
28,ថាគេតាមដានវាតែដឹងពីគេគ្រប់រឿងម៉ង ម៉ាអាឈ្មោល,Negative ,0
29,អាប្អូននឹងវាថ្លើបធំហើយបានមកចង់លេងមួយបង,Negative ,0
30,ស្ដាយហា៎អត់បានទៅមើល,Negative ,0
31,បទអីនិងដឹងប្រាប់ផង,Negative ,0
32,បានត្រឹមមើលតាមឡាយ,Negative ,0
33,ញុមមើលឡាយខ្ចីលទៅរងាពេក,Positive ,1
34,ឈឺហើយអត់បានទៅមើលផ្ទាល់,Negative ,0
35,រវល់ខួបកំណើតកូនអត់បានទៅស្ដាយណាស់,Negative ,0
36,ស្តាយអត់ទៅមើលផ្ទាល់,Negative ,0
37,បទខ្មែរមិចក៏មិនច្រៀង,Negative ,0
38,អ្នកធ្វើគេខំណាស់ ណាស់តែពួកទើសទេ ទើសគ្រប់កន្លែងរកកន្លែងទើសគ្រប់ យ៉ាង,Negative ,0
39,អរគុណបងដែលបានបកស្រាយកុំអេាយមានមហាជនមួួយចំនួនយល់ថាលួចបទគេ ចំលងគេ,Positive ,1
40,ម៉េចក៏ចូលចិត្តចម្លងតែពី គេ,Negative ,0
41,បើចង់ផ្សព្វផ្សាយអោយម្ចាស់ដើមច្រៀងល្អជាង ព្រោះមុនហ្នឹងល្បីរួចទៅហើយ តែពេលដូរអ្នកចម្រៀងចឹង ល្បីថែមទៀតតែគេរិះគន់វិញ,Negative ,0
42,ថតបានស្អាតចម្រៀងពិរោះប៉ុន្តែយ៉ាប់ត្រង់មានឡាបូបូធ្វើឲ្យទាញតម្លៃបទចម្រៀងធ្លាក់ចុះ,Positive ,1
43,ស្ដាប់មិនចូលទេ,Negative ,0
44,តែអ្នកកូពីដូចឆ្កួតទាំងmcទាំងអ្នកច្រៀង,Negative ,0
45,មើលទឹកមុខដូចបង្ខំអោយនិយាយ,Negative ,0
46,បើចេះស្ទើធ្វើភ្លើល្អជាង(សុភាសិតខ្មែរ),Negative ,0
47,មិនបាច់ចេញទេ,Negative ,0
48,លុបណាវ៉ាតត្រាចេញទៅបង,Negative ,0
49,សួរថាចត់បាយអត់?,Negative ,0
50,បទសែកមន្តហ្នឹងអ្នកណាជាអ្នកនិពន្ធ? ហើយប្រកាសថាខ្លួនឯងជាម្ចាស់កម្មសិទ្ធថែមទៀតផង ប្រាកដអត់លោក?,Negative ,0
51,និពន្ធដូចខ្មោច,Negative ,0
52,អគុណបងដែលបានបកស្រាយ,Positive ,1
53,ងាប់នឹងគេបង្វែររឿងនឹងទៅខ្មែរ,Negative ,0
54,ពិតជាមានន័យណាស់បង,Positive ,1
55,​វា​ហាក់​ដូចជា​ហត់នឿយ​ពេក​ហើយ,Negative,0
56,គ្មាន​ការលើក​ទឹក​ចិត្ត​បាន​ត្រឹម​តែ​ ពាក្យ​ធ្វើ​ឲ្យ​បាក់​ទឹក​ចិត្ត,Negative,0
57,ខ្ញុំចង់និយាយថាខ្ញុំស្រឡាញ់បទមួយនេះ,Positive ,1
58,គ្រប់បទរបស់គាត់មានពាក្យចុងជួនល្អណាស់ហើយមានអត្ថន័យទៀត,Positive ,1
59,គ្រាន់ថាគេល្អជាងបងហ៎? ម៉េចបានទឹកភ្នែកដោយសារគេបែបនឹង,Negative,0
60,គេនោះល្អជាងបងឆ្ងាយណាស់,Negative,0
61,សង្សារទុំសុំបែកហើយស្តាប់បត់និង,Negative,0
62,អារម្មណ៍ពេលមានមនុស្សទី3,Negative,0
63,សុំកុំទុកខ្ញុំជាមនុស្សទីបី,Negative,0
64,មនុស្សសម័យនេះប្រែប្រួលអស់ហើយ ព្រមទាំងមនុស្សខ្ញុំស្រលាញ់,Negative,0
65,គ្រាំទ្រអោយពួកប្អូនរៀនហាត់បន្ថែម,Positive ,1
66,ហេតុអ្វីក៏អូនលួចអ្នកថ្មី,Negative,0
67,ខ្ញុំអ្នកកម្ពុជាក្រោមជំរាបសួរបងប្អូនខ្មែរយើងទាំងអស់គ្នាបាទ!សូមជួបតែសំណាងល្អទាំងអស់គ្នា,Positive ,1
68,ខ្មែរយើងត្រូវតែខ្លាំងកុំអោយអ្នកជិតខាងយើងគេមើលងាយយើង,Positive ,1
69,ក្មេងជំនាន់ក្រោយសម្ថភាពកាន់តែខ្លាំងហើយ,Positive ,1
70,បទស្អីចឹងស្មានតែឡូយណាស់មែន,Negative,0
71,ខ្ញុំចូរចិត្តពីនឹងណាស់,Positive ,1
72,ខ្ញុំស្ដាប់មិនចេះធុញទេ,Positive ,1
73,ស្ដាប់ហើយមានអារម្មណ៍ស្រស់ស្រាយ,Positive ,1
74,ស្ដាប់បទនឹងហើយមានអារម្ភល្អម៉ង,Positive ,1
75,ស្តាប់ហើយរំភើបចង់មានស្នេហ៍កាន់ដៃគ្នារហូតតទៅ,Positive ,1
76,ការទិញនៅលើគេហទំព័រយ៉ាងងាយស្រួល។,Positive,1
77,ខ្ញុំមិនពេញចិត្តជាមួយបទចម្រៀងនេះ។,Negative,0
78,បរិយាកាសនៅហាងនេះមិនល្អ។,Negative,0
79,រឿងថ្មីនេះធ្វើឱ្យខ្ញុំខកចិត្ត។,Negative,0
80,ខ្ញុំចូលចិត្តម៉ាកនេះជាពិសេស។,Positive,1
81,ខ្ញុំបានទទួលទំនិញយ៉ាងឆាប់រហ័ស។,Positive,1
82,ការបម្រើអតិថិជននៅទីនេះគឺល្អឥតខ្ចោះ។,Positive,1
83,បទថ្មីនេះមិនទាក់ចិត្ត។,Negative,0
84,ការសម្តែងរបស់តារាសម្តែងគ្មានគុណភាព។,Negative,0
85,បទចម្រៀងនេះប៉ះដល់ចិត្តយ៉ាងខ្លាំង។,Positive,1
86,ខ្ញុំមានបទពិសោធន៍អាក្រក់ជាមួយសេវាកម្មនេះ។,Negative,0
87,ខ្ញុំមានបទពិសោធន៍ល្អជាមួយសេវាកម្មនេះ។,Positive,1
88,ខ្ញុំពិតជាផ្អែមល្ហែមជាមួយបទចម្រៀងថ្មីនេះ។,Positive,1
89,សេវាកម្មយ៉ាងល្អប្រសើរ។,Positive,1
90,សេវាកម្មមិនទាន់បំពេញតាមចិត្តទេ។,Negative,0
91,ខ្ញុំពិតជាផ្អែមល្ហែមជាមួយបទចម្រៀងថ្មីនេះ។,Positive,1
92,ខ្ញុំពិតជាផ្អែមល្ហែមជាមួយបទចម្រៀងថ្មីនេះ។,Positive,1
93,រឿងថ្មីនេះធ្វើឱ្យខ្ញុំខកចិត្ត។,Negative,0
94,បទថ្មីនេះមិនទាក់ចិត្ត។,Negative,0
95,ការទិញនៅលើគេហទំព័រយ៉ាងងាយស្រួល។,Positive,1
96,សេវាកម្មយ៉ាងល្អប្រសើរ។,Positive,1
97,ខ្ញុំពិតជាផ្អែមល្ហែមជាមួយបទចម្រៀងថ្មីនេះ។,Positive,1
98,ការសម្តែងនៅលើឆាកមិនអាចទាញយកភ្នែកចេញបាន។,Positive,1
99,សេវាកម្មនេះធ្វើឱ្យខ្ញុំមានអារម្មណ៍ពេញចិត្ត។,Positive,1
100,សេវាកម្មយ៉ាងល្អប្រសើរ។,Positive,1
101,ការបម្រើអតិថិជនយឺតខ្លាំង។,Negative,0
102,ការទិញនៅលើគេហទំព័រមិនងាយស្រួល។,Negative,0
103,ការបម្រើអតិថិជននៅទីនេះគឺល្អឥតខ្ចោះ។,Positive,1
104,ការចាក់សម្លេងមានគុណភាពខ្ពស់។,Positive,1
105,ការសម្តែងនៅលើឆាកមិនអាចទាញយកភ្នែកចេញបាន។,Positive,1
106,ការទិញនៅលើគេហទំព័រមិនងាយស្រួល។,Negative,0
107,សេវាកម្មនេះធ្វើឱ្យខ្ញុំមានអារម្មណ៍ពេញចិត្ត។,Positive,1
108,ការទិញនៅលើគេហទំព័រមិនងាយស្រួល។,Negative,0
109,ការសម្តែងនៅលើឆាកមិនអាចទាញយកភ្នែកចេញបាន។,Positive,1
110,សេវាកម្មយ៉ាងល្អប្រសើរ។,Positive,1
111,សេវាកម្មនេះធ្វើឱ្យខ្ញុំមានអារម្មណ៍ពេញចិត្ត។,Positive,1
112,ភាពយន្តនេះធុញទ្រាន់។,Negative,0
113,ភាពយន្តនេះធុញទ្រាន់។,Negative,0
114,ការបម្រើអតិថិជនយឺតខ្លាំង។,Negative,0
115,បរិយាកាសនៅហាងនេះមិនល្អ។,Negative,0
116,សេវាកម្មយ៉ាងល្អប្រសើរ។,Positive,1
117,ការចាក់សម្លេងមានគុណភាពខ្ពស់។,Positive,1
118,គុណភាពទំនិញល្អណាស់។,Positive,1
119,ការចាក់សម្លេងមានបញ្ហា។,Negative,0
120,សេវាកម្មមិនទាន់បំពេញតាមចិត្តទេ។,Negative,0
121,សេវាកម្មនេះធ្វើឱ្យខ្ញុំខកចិត្ត។,Negative,0
122,ខ្ញុំចូលចិត្តម៉ាកនេះជាពិសេស។,Positive,1
123,ការចាក់សម្លេងមានបញ្ហា។,Negative,0
124,សេវាកម្មមិនទាន់បំពេញតាមចិត្តទេ។,Negative,0
125,បទចម្រៀងនេះឆ្លៀតចិត្ត។,Positive,1
126,សេវាកម្មមិនទាន់បំពេញតាមចិត្តទេ។,Negative,0
127,ភាពយន្តនេះធុញទ្រាន់។,Negative,0
128,បទចម្រៀងនេះមិនមានអារម្មណ៍។,Negative,0
129,សេវាកម្មមិនទាន់បំពេញតាមចិត្តទេ។,Negative,0
130,ខ្ញុំមិនបានទទួលទំនិញតាមពេលកំណត់។,Negative,0
131,ការដឹកជញ្ជូនយឺត។,Negative,0
132,រឿងថ្មីនេះធ្វើឱ្យខ្ញុំខកចិត្ត។,Negative,0
133,ផលិតផលនេះគុណភាពល្អណាស់។,Positive,1
134,គុណភាពទំនិញល្អណាស់។,Positive,1
135,ការដឹកជញ្ជូនយឺត។,Negative,0
136,ភាពយន្តនេះធុញទ្រាន់។,Negative,0
137,គុណភាពទំនិញមិនគួរជឿ។,Negative,0
138,រឿងថ្មីនេះធ្វើឱ្យខ្ញុំខកចិត្ត។,Negative,0
139,បទថ្មីនេះមិនទាក់ចិត្ត។,Negative,0
140,ការដឹកជញ្ជូនលឿនល្អឥតខ្ចោះ។,Positive,1
141,ខ្ញុំបានទទួលទំនិញយ៉ាងឆាប់រហ័ស។,Positive,1
142,ខ្ញុំមិនបានទទួលទំនិញតាមពេលកំណត់។,Negative,0
143,រឿងថ្មីនេះធ្វើឱ្យខ្ញុំខកចិត្ត។,Negative,0
144,រឿងថ្មីនេះល្អឥតខ្ចោះ។,Positive,1
145,ការទិញនៅលើគេហទំព័រមិនងាយស្រួល។,Negative,0
146,ការសម្តែងរបស់តារាសម្តែងគួរឱ្យសរសើរ។,Positive,1
147,ខ្ញុំមិនបានទទួលទំនិញតាមពេលកំណត់។,Negative,0
148,ការចាក់សម្លេងមានបញ្ហា។,Negative,0
149,រឿងថ្មីនេះធ្វើឱ្យខ្ញុំខកចិត្ត។,Negative,0
150,ការចាក់សម្លេងមានបញ្ហា។,Negative,0
151,រឿងថ្មីនេះធ្វើឱ្យខ្ញុំខកចិត្ត។,Negative,0
152,ការសម្តែងនៅលើឆាកធុញទ្រាន់។,Negative,0
153,បទចម្រៀងនេះមិនមានអារម្មណ៍។,Negative,0
154,ខ្ញុំបានទទួលទំនិញយ៉ាងឆាប់រហ័ស។,Positive,1
155,សេវាកម្មនេះធ្វើឱ្យខ្ញុំខកចិត្ត។,Negative,0
156,សេវាកម្មយ៉ាងល្អប្រសើរ។,Positive,1
157,រឿងថ្មីនេះធ្វើឱ្យខ្ញុំខកចិត្ត។,Negative,0
158,ខ្ញុំមានបទពិសោធន៍ល្អជាមួយសេវាកម្មនេះ។,Positive,1
159,ភាពយន្តនេះល្អលើសការរំពឹងទុក។,Positive,1
160,ខ្ញុំបានទទួលទំនិញយ៉ាងឆាប់រហ័ស។,Positive,1
161,បទចម្រៀងនេះឆ្លៀតចិត្ត។,Positive,1
162,សេវាកម្មយ៉ាងល្អប្រសើរ។,Positive,1
163,បទចម្រៀងនេះប៉ះដល់ចិត្តយ៉ាងខ្លាំង។,Positive,1
164,រឿងថ្មីនេះធ្វើឱ្យខ្ញុំខកចិត្ត។,Negative,0
165,ការបម្រើអតិថិជនយឺតខ្លាំង។,Negative,0
166,ការបម្រើអតិថិជននៅទីនេះគឺល្អឥតខ្ចោះ។,Positive,1
167,គុណភាពទំនិញល្អណាស់។,Positive,1
168,ខ្ញុំមិនពេញចិត្តជាមួយបទចម្រៀងនេះ។,Negative,0
169,បទចម្រៀងនេះឆ្លៀតចិត្ត។,Positive,1
170,សេវាកម្មនេះធ្វើឱ្យខ្ញុំមានអារម្មណ៍ពេញចិត្ត។,Positive,1
171,ខ្ញុំមានបទពិសោធន៍អាក្រក់ជាមួយសេវាកម្មនេះ។,Negative,0
172,ភាពយន្តនេះល្អលើសការរំពឹងទុក។,Positive,1
173,ខ្ញុំមានបទពិសោធន៍ល្អជាមួយសេវាកម្មនេះ។,Positive,1
174,រឿងថ្មីនេះធ្វើឱ្យខ្ញុំខកចិត្ត។,Negative,0
175,ការដឹកជញ្ជូនយឺត។,Negative,0
176,បទចម្រៀងនេះប៉ះដល់ចិត្តយ៉ាងខ្លាំង។,Positive,1
177,ការសម្តែងរបស់តារាសម្តែងគួរឱ្យសរសើរ។,Positive,1
178,ការសម្តែងនៅលើឆាកធុញទ្រាន់។,Negative,0
179,ការទិញនៅលើគេហទំព័រយ៉ាងងាយស្រួល។,Positive,1
180,ការទិញនៅលើគេហទំព័រយ៉ាងងាយស្រួល។,Positive,1
181,ភាពយន្តនេះធុញទ្រាន់។,Negative,0
182,ភាពយន្តនេះធុញទ្រាន់។,Negative,0
183,សេវាកម្មនេះធ្វើឱ្យខ្ញុំខកចិត្ត។,Negative,0
184,បទចម្រៀងនេះប៉ះដល់ចិត្តយ៉ាងខ្លាំង។,Positive,1
185,ខ្ញុំមិនពេញចិត្តជាមួយបទចម្រៀងនេះ។,Negative,0
186,សេវាកម្មយ៉ាងល្អប្រសើរ។,Positive,1
187,បទចម្រៀងនេះមិនល្អ។,Negative,0
188,បទចម្រៀងនេះប៉ះដល់ចិត្តយ៉ាងខ្លាំង។,Positive,1
189,ខ្ញុំមិនបានទទួលទំនិញតាមពេលកំណត់។,Negative,0
190,ការបម្រើអតិថិជនយឺតខ្លាំង។,Negative,0
191,រឿងថ្មីនេះល្អឥតខ្ចោះ។,Positive,1
192,ខ្ញុំមានបទពិសោធន៍អាក្រក់ជាមួយសេវាកម្មនេះ។,Negative,0
193,ការទិញនៅលើគេហទំព័រយ៉ាងងាយស្រួល។,Positive,1
194,ខ្ញុំមានបទពិសោធន៍អាក្រក់ជាមួយសេវាកម្មនេះ។,Negative,0
195,ភាពយន្តនេះល្អលើសការរំពឹងទុក។,Positive,1
196,បរិយាកាសនៅហាងនេះល្អឥតខ្ចោះ។,Positive,1
197,ការសម្តែងនៅលើឆាកមិនអាចទាញយកភ្នែកចេញបាន។,Positive,1
198,បទថ្មីនេះមិនទាក់ចិត្ត។,Negative,0
199,បទចម្រៀងនេះមិនល្អ។,Negative,0
200,ភាពយន្តនេះធុញទ្រាន់។,Negative,0
201,ផលិតផលនេះគុណភាពទាប។,Negative,0
202,សេវាកម្មនេះធ្វើឱ្យខ្ញុំមានអារម្មណ៍ពេញចិត្ត។,Positive,1
203,ការដឹកជញ្ជូនយឺត។,Negative,0
204,បទថ្មីនេះមានទាស់។,Positive,1
205,ការសម្តែងរបស់តារាសម្តែងគ្មានគុណភាព។,Negative,0
206,ការដឹកជញ្ជូនយឺត។,Negative,0
207,ការសម្តែងនៅលើឆាកធុញទ្រាន់។,Negative,0
208,គុណភាពទំនិញល្អណាស់។,Positive,1
209,ការទិញនៅលើគេហទំព័រយ៉ាងងាយស្រួល។,Positive,1
210,បទថ្មីនេះមានទាស់។,Positive,1
211,ភាពយន្តនេះធុញទ្រាន់។,Negative,0
212,បទចម្រៀងនេះមិនល្អ។,Negative,0
213,ការបម្រើអតិថិជននៅទីនេះគឺល្អឥតខ្ចោះ។,Positive,1
214,បទចម្រៀងនេះឆ្លៀតចិត្ត។,Positive,1
215,ខ្ញុំមានបទពិសោធន៍អាក្រក់ជាមួយសេវាកម្មនេះ។,Negative,0
216,ខ្ញុំមិនពេញចិត្តជាមួយបទចម្រៀងនេះ។,Negative,0
217,បទចម្រៀងនេះមិនមានអារម្មណ៍។,Negative,0
218,ការទិញនៅលើគេហទំព័រមិនងាយស្រួល។,Negative,0
219,ការសម្តែងរបស់តារាសម្តែងគួរឱ្យសរសើរ។,Positive,1
220,ភាពយន្តនេះធុញទ្រាន់។,Negative,0
221,បរិយាកាសនៅហាងនេះល្អឥតខ្ចោះ។,Positive,1
222,ខ្ញុំមិនពេញចិត្តជាមួយបទចម្រៀងនេះ។,Negative,0
223,ការចាក់សម្លេងមានគុណភាពខ្ពស់។,Positive,1
224,ខ្ញុំមិនបានទទួលទំនិញតាមពេលកំណត់។,Negative,0
225,ខ្ញុំមានបទពិសោធន៍អាក្រក់ជាមួយសេវាកម្មនេះ។,Negative,0
226,ការសម្តែងរបស់តារាសម្តែងគួរឱ្យសរសើរ។,Positive,1
227,បទថ្មីនេះមានទាស់។,Positive,1
228,ខ្ញុំចូលចិត្តម៉ាកនេះជាពិសេស។,Positive,1
229,ការសម្តែងនៅលើឆាកធុញទ្រាន់។,Negative,0
230,ភាពយន្តនេះធុញទ្រាន់។,Negative,0
231,សេវាកម្មនេះធ្វើឱ្យខ្ញុំមានអារម្មណ៍ពេញចិត្ត។,Positive,1
232,ខ្ញុំពិតជាផ្អែមល្ហែមជាមួយបទចម្រៀងថ្មីនេះ។,Positive,1
233,ខ្ញុំចូលចិត្តម៉ាកនេះជាពិសេស។,Positive,1
234,ភាពយន្តនេះធុញទ្រាន់។,Negative,0
235,គុណភាពទំនិញល្អណាស់។,Positive,1
236,ផលិតផលនេះគុណភាពល្អណាស់។,Positive,1
237,ផលិតផលនេះគុណភាពទាប។,Negative,0
238,ការបម្រើអតិថិជនយឺតខ្លាំង។,Negative,0
239,ការទិញនៅលើគេហទំព័រមិនងាយស្រួល។,Negative,0
240,រឿងថ្មីនេះធ្វើឱ្យខ្ញុំខកចិត្ត។,Negative,0
241,ផលិតផលនេះគុណភាពទាប។,Negative,0
242,ការចាក់សម្លេងមានគុណភាពខ្ពស់។,Positive,1
243,បទចម្រៀងនេះឆ្លៀតចិត្ត។,Positive,1
244,ខ្ញុំពិតជាផ្អែមល្ហែមជាមួយបទចម្រៀងថ្មីនេះ។,Positive,1
245,បទចម្រៀងនេះមិនល្អ។,Negative,0
246,ខ្ញុំមានបទពិសោធន៍អាក្រក់ជាមួយសេវាកម្មនេះ។,Negative,0
247,ខ្ញុំបានទទួលទំនិញយ៉ាងឆាប់រហ័ស។,Positive,1
248,ការទិញនៅលើគេហទំព័រយ៉ាងងាយស្រួល។,Positive,1
249,ការសម្តែងនៅលើឆាកមិនអាចទាញយកភ្នែកចេញបាន។,Positive,1
250,ខ្ញុំមិនបានទទួលទំនិញតាមពេលកំណត់។,Negative,0
251,រឿងថ្មីនេះល្អឥតខ្ចោះ។,Positive,1
252,បទថ្មីនេះមានទាស់។,Positive,1
253,ការសម្តែងនៅលើឆាកមិនអាចទាញយកភ្នែកចេញបាន។,Positive,1
254,សេវាកម្មនេះធ្វើឱ្យខ្ញុំខកចិត្ត។,Negative,0
255,ការចាក់សម្លេងមានគុណភាពខ្ពស់។,Positive,1
256,បទចម្រៀងនេះឆ្លៀតចិត្ត។,Positive,1
257,ការដឹកជញ្ជូនលឿនល្អឥតខ្ចោះ។,Positive,1
258,ការសម្តែងរបស់តារាសម្តែងគួរឱ្យសរសើរ។,Positive,1
259,ការសម្តែងរបស់តារាសម្តែងគ្មានគុណភាព។,Negative,0
260,ការបម្រើអតិថិជននៅទីនេះគឺល្អឥតខ្ចោះ។,Positive,1
261,បទចម្រៀងនេះប៉ះដល់ចិត្តយ៉ាងខ្លាំង។,Positive,1
262,បទថ្មីនេះមិនទាក់ចិត្ត។,Negative,0
263,ការបម្រើអតិថិជនយឺតខ្លាំង។,Negative,0
264,ម៉ាកនេះមិនគួរជឿទុកចិត្ត។,Negative,0
265,បទចម្រៀងនេះឆ្លៀតចិត្ត។,Positive,1
266,ខ្ញុំមានបទពិសោធន៍អាក្រក់ជាមួយសេវាកម្មនេះ។,Negative,0
267,ការសម្តែងនៅលើឆាកមិនអាចទាញយកភ្នែកចេញបាន។,Positive,1
268,ខ្ញុំមានបទពិសោធន៍ល្អជាមួយសេវាកម្មនេះ។,Positive,1
269,ភាពយន្តនេះធុញទ្រាន់។,Negative,0
270,ខ្ញុំចូលចិត្តម៉ាកនេះជាពិសេស។,Positive,1
271,បទថ្មីនេះមានទាស់។,Positive,1
272,បទចម្រៀងនេះឆ្លៀតចិត្ត។,Positive,1
273,ការសម្តែងរបស់តារាសម្តែងគ្មានគុណភាព។,Negative,0
274,សេវាកម្មមិនទាន់បំពេញតាមចិត្តទេ។,Negative,0
275,រឿងថ្មីនេះល្អឥតខ្ចោះ។,Positive,1
276,នំប៉័ងនេះមានរសជាតិឆ្ងាញ់ណាស់ ស្រស់ៗ និងមានក្លិនឈ្ងុយ,Positive,1
277,សេវាកម្មនៅហាងនេះគួរឱ្យខកចិត្តណាស់ បុគ្គលិកមិនសូវយកចិត្តទុកដាក់,Negative,0
278,ខ្សែភាពយន្តថ្មីនេះធ្វើបានល្អណាស់ តួសម្ដែងពូកែៗ រឿងរ៉ាវគួរឱ្យចាប់អារម្មណ៍,Positive,1
279,តម្លៃទំនិញថ្លៃពេក មិនសមនឹងគុណភាពទេ,Negative,0
281,កម្មវិធីតន្ត្រីមិនសូវពិរោះ អ្នកចម្រៀងច្រៀងមិនចំណង្វាក់,Negative,0
282,ទូរស័ព្ទថ្មីនេះប្រើប្រាស់ងាយស្រួល ថ្មល្អ កាមេរ៉ាច្បាស់,Positive,1
285,សម្លៀកបំពាក់គុណភាពអន់ ថ្លៃហើយរែកលុយមួយខែ,Negative,0
286,ជាងកាត់សក់មានជំនាញខ្ពស់ កាត់បានស្អាតត្រូវចិត្ត,Positive,1
287,តន្ត្រីកម្សាន្តនៅក្លឹបនេះពិរោះណាស់ បទចម្រៀងទាន់សម័យ,Positive,1
288,កាបូបថ្មីនេះគុណភាពល្អណាស់ ធន់ហើយស្អាត,Positive,1
289,សេវាកម្មអតិថិជនមិនល្អ រង់ចាំយូរពេក,Negative,0
290,កម្មវិធីទូរទស្សន៍នេះគួរឱ្យចាប់អារម្មណ៍ណាស់ មានការច្នៃប្រឌិតខ្ពស់,Positive,1
291,ស្មាតហ្វូននេះថ្មបានរយៈពេលខ្លីណាស់ មិនសមនឹងតម្លៃ,Negative,0
293,ភាពយន្តនេះធ្វើឱ្យខ្ញុំអស់សំណើច សម្តែងបានល្អណាស់,Positive,1
294,ទូរទស្សន៍ថ្មីនេះមានបញ្ហាច្រើន ត្រូវជួសជុលច្រើនដង,Negative,0
295,សេវាកម្មស្ប៉ាល្អណាស់ បុគ្គលិកមានជំនាញខ្ពស់,Positive,1
297,គុណភាពសម្លៀកបំពាក់ល្អណាស់ តម្លៃសមរម្យ,Positive,1
298,បុគ្គលិកធនាគារមិនសូវរួសរាយ ធ្វើការយឺតយ៉ាវ,Negative,0
299,កម្មវិធីប្រគំតន្ត្រីមិនសូវល្អ អ្នកចម្រៀងច្រៀងពាក់អត់សូវពិរោះ,Negative,0
300,ទូរស័ព្ទនេះមានមុខងារច្រើន ប្រើប្រាស់ងាយស្រួល,Positive,1
302,រឿងភាគថ្មីនេះគួរឱ្យចាប់អារម្មណ៍ តួឯកសម្តែងពូកែ,Positive,1
303,កាមេរ៉ាថ្មីនេះថតរូបមិនសូវច្បាស់ ប្រើការមិនបានយូរ,Negative,0
304,សេវាកម្មជួសជុលល្អណាស់ ជាងមានជំនាញ,Positive,1
305,ភាពយន្តនេះធ្វើឱ្យខ្ញុំខកចិត្តណាស់ ចំណាយពេលមើលឥតប្រយោជន៍,Negative,0
306,ទូរទស្សន៍នេះមានគុណភាពល្អ រូបភាពច្បាស់,Positive,1
307,សណ្ឋាគារនេះមានសេវាកម្មល្អណាស់ បុគ្គលិកមានវិជ្ជាជីវៈខ្ពស់,Positive,1
308,កម្មវិធីសិល្បៈនេះគួរឱ្យចាប់អារម្មណ៍ មានការច្នៃប្រឌិតថ្មី,Positive,1
309,គុណភាពឈុតការងារមិនល្អ កាត់ដេរមិនស្អាត,Negative,0
311,ការសម្តែងរបស់តារាចម្រៀងនេះអស្ចារ្យណាស់ សំឡេងពីរោះ,Positive,1
312,ទូរស័ព្ទនេះលេងហ្គេមរអិល ប្រព័ន្ធដំណើរការយឺត,Negative,0
313,សេវាកម្មហាងកាត់សក់ល្អណាស់ តម្លៃសមរម្យ,Positive,1
315,ម៉ាស៊ីនត្រជាក់នេះត្រជាក់ល្អណាស់ សន្សំសំចៃថាមពល,Positive,1
316,សេវាកម្មអ៊ីនធឺណិតដំណើរការមិនល្អ ភ្ជាប់ដាច់ៗ,Negative,0
317,កម្មវិធីរាំនេះរីករាយណាស់ អ្នកចូលរួមសប្បាយ,Positive,1
318,កង់ថ្មីនេះប្រើការបានល្អណាស់ តម្លៃសមរម្យ,Positive,1
319,សេវាកម្មជួសជុលយឺតយ៉ាវ តម្លៃថ្លៃពេក,Negative,0
320,ការសម្តែងរបាំប្រពៃណីនេះល្អណាស់ សិល្បៈករមានទេពកោសល្យ,Positive,1
321,កុំព្យូទ័រនេះដំណើរការយឺត មិនស័ក្តិសមនឹងតម្លៃ,Negative,0
322,សេវាកម្មបោកគក់ល្អណាស់ ខោអាវស្អាត,Positive,1
323,តន្ត្រីនៅក្លឹបនេះឮខ្លាំងពេក មិនអាចជជែកគ្នាបាន,Negative,0
324,ទូរទឹកកកនេះត្រជាក់ល្អ ប្រើថាមពលតិច,Positive,1
326,ព្រឹត្តិការណ៍កីឡានេះគួរឱ្យរំភើប កីឡាករលេងពូកែ,Positive,1
327,វិទ្យុនេះស្តាប់មិនសូវច្បាស់ មានសំឡេងរំខាន,Negative,0
328,សេវាកម្មធានារ៉ាប់រងល្អណាស់ មានភាពងាយស្រួល,Positive,1
329,កម្មវិធីសម្តែងសៀកនេះអស្ចារ្យណាស់ សិល្បៈករសម្តែងបានល្អ,Positive,1
330,ម៉ូតូថ្មីនេះប្រើប្រេងច្រើន ថែទាំពិបាក,Negative,0
332,ការប្រកួតបាល់ទាត់នេះគួរឱ្យរំភើប ក្រុមទាំងពីរលេងល្អ,Positive,1
333,ម៉ាស៊ីនបោកគក់នេះសំឡេងខ្លាំង ប្រើអគ្គិសនីច្រើន,Negative,0
334,សេវាកម្មជួលរថយន្តល្អណាស់ ឡានថ្មី ស្អាត,Positive,1
335,ការសម្តែងល្ខោននេះគួរឱ្យធុញ រឿងវែងពេក,Negative,0
336,កៅអីការិយាល័យនេះផាសុខណាស់ គុណភាពល្អ,Positive,1
338,ការសម្តែងសៀកនេះល្អណាស់ មានការច្នៃប្រឌិតថ្មី,Positive,1
339,ទូរស័ព្ទនេះថតរូបស្អាត ប្រើប្រាស់ងាយស្រួល,Positive,1
340,សេវាកម្មដឹកជញ្ជូនយឺតយ៉ាវ ទំនិញខូចខាត,Negative,0
341,ភាពយន្តឯកសារនេះផ្តល់ចំណេះដឹងល្អ,Positive,1
342,កាបូបស្បែកនេះដេរមិនស្អាត ប្រេះបែកលឿន,Negative,0
343,សេវាកម្មសម្អាតផ្ទះល្អណាស់ បុគ្គលិកខិតខំធ្វើការ,Positive,1
344,កម្មវិធីចម្រៀងនេះមិនសូវទាក់ទាញ បទចាស់ៗច្រើន,Negative,0
345,ម៉ាស៊ីនត្រជាក់នេះមិនសូវត្រជាក់ ប្រើអគ្គិសនីច្រើន,Negative,0
346,សេវាកម្មអ៊ីនធឺណិតល្បឿនលឿន តម្លៃសមរម្យ,Positive,1
347,ផលិតផលថ្មីនេះប្រើប្រាស់បានល្អណាស់ អស្ចារ្យមែនទែន,Positive,1
348,ភោជនីយដ្ឋាននេះមិនសូវស្អាត ម្ហូបក៏មិនឆ្ងាញ់ដែរ,Negative,0
349,សម្តែងបទចម្រៀងបានពីរោះណាស់ ពិតជាមានទេពកោសល្យ,Positive,1
350,សម្ភារៈការិយាល័យទាំងនេះគុណភាពអន់ណាស់ ខូចលឿន,Negative,0
352,កម្មវិធីសិល្បៈនេះមិនសូវទាក់ទាញ អ្នកសម្តែងនៅខ្វះបទពិសោធន៍,Negative,0
353,ម៉ូតូម៉ាកថ្មីនេះបើកស្រួល សន្សំសំចៃប្រេងសាំង,Positive,1
354,អ្នកបើកតាក់ស៊ីនេះមានអធ្យាស្រ័យល្អ និយាយស្តីសមរម្យ,Positive,1
355,រោងកុននេះកៅអីស្រួលអង្គុយ ម៉ាស៊ីនបញ្ចាំងល្អ,Positive,1
356,ទូរស័ព្ទស្មាតហ្វូននេះឆាប់ហោះថ្ម មិនសមនឹងតម្លៃ,Negative,0
357,សេវាកម្មសម្អាតការិយាល័យមិនទៀងទាត់ ធ្វើការមិនម៉ត់ចត់,Negative,0
358,កម្មវិធីប្រគំតន្ត្រីនេះរៀបចំបានល្អ អ្នកចូលរួមច្រើន,Positive,1
359,ទូរទស្សន៍ស្មាតធីវីនេះងាយស្រួលប្រើ រូបភាពច្បាស់ស្អាត,Positive,1
360,ហាងកាត់សក់នេះកាត់មិនស្អាត តម្លៃថ្លៃទៀត,Negative,0
361,ភាពយន្តរឿងនេះមានខ្លឹមសារល្អ បង្រៀនមេរៀនជីវិត,Positive,1
364,កម្មវិធីរាំកម្សាន្តនេះសប្បាយណាស់ តន្ត្រីពិរោះ,Positive,1
365,ម៉ាស៊ីនត្រជាក់នេះមិនសូវត្រជាក់ ប្រើអគ្គិសនីច្រើន,Negative,0
366,គ្លីនិកធ្មេញនេះមានពេទ្យជំនាញ តម្លៃសមរម្យ,Positive,1
367,ការប្រកួតបាល់ទាត់នេះគួរឱ្យរំភើប ក្រុមទាំងពីរលេងល្អ,Positive,1
368,កង់អគ្គិសនីនេះបើកលឿន ថ្មប្រើបានយូរ,Positive,1
369,សេវាកម្មជួសជុលផ្ទះមិនល្អ ជាងធ្វើការមិនស្អាត,Negative,0
371,ទូទឹកកកនេះត្រជាក់ល្អ សន្សំសំចៃថាមពល,Positive,1
372,សេវាកម្មក្រុមហ៊ុនដឹកជញ្ជូនយឺតយ៉ាវ ទំនិញខូចខាត,Negative,0
373,ការសម្តែងរបាំប្រពៃណីនេះស្រស់ស្អាត មានអត្ថន័យ,Positive,1
374,ម៉ាស៊ីនបោកខោអាវនេះសំអាតស្អាត មិនខូចខាតសម្លៀកបំពាក់,Positive,1
375,អ្នកថែសួនច្បារមិនសូវយកចិត្តទុកដាក់ ដើមឈើងាប់ច្រើន,Negative,0
376,លោ្ខននេះសម្តែងមិនសូវពូកែ អត់មានអារម្មណ៍,Negative,0
377,កុំព្យូទ័រនេះដំណើរការលឿន អេក្រង់ច្បាស់ល្អ,Positive,1
378,សេវាកម្មសណ្ឋាគារល្អណាស់ បុគ្គលិកមានវិជ្ជាជីវៈ,Positive,1
379,ការប្រកួតចម្រៀងនេះមិនយុត្តិធម៌ លម្អៀង,Negative,0
380,ស្បែកជើងកីឡានេះស្រួលពាក់ ថ្លៃតែសមតម្លៃ,Positive,1
381,សេវាកម្មអ៊ីនធឺណេតដំណើរការមិនល្អ ដាច់ញឹកញាប់,Negative,0
382,កម្មវិធីទូរទស្សន៍នេះមានខ្លឹមសារល្អ ពិសេសណាស់,Positive,1
383,ក្រដាសបោះពុម្ពនេះគុណភាពល្អ ពណ៌ស្អាត,Positive,1
384,សេវាកម្មជួសជុលម៉ូតូមានជំនាញ តម្លៃសមរម្យ,Positive,1
385,ភាពយន្តភាគនេះមានរឿងរ៉ាវគួរឱ្យចាប់អារម្មណ៍,Positive,1
387,សេវាកម្មធនាគារមានភាពយឺតយ៉ាវ រង់ចាំយូរ,Negative,0
388,កម្មវិធីសម្តែងសិល្បៈនេះមានការច្នៃប្រឌិតខ្ពស់,Positive,1
389,ឧបករណ៍អេឡិចត្រូនិកនេះប្រើការបានល្អ មានមុខងារច្រើន,Positive,1
390,សេវាកម្មថែទាំសម្ផស្សមិនល្អ បុគ្គលិកមិនមានជំនាញ,Negative,0
391,ការសម្តែងភ្លេងប្រពៃណីនេះពិរោះ រក្សាបាននូវវប្បធម៌,Positive,1
392,ទូរស័ព្ទនេះថតរូបមិនច្បាស់ អត់មានមុខងារទំនើបៗ,Negative,0
393,សេវាកម្មបោកគក់ល្អណាស់ សម្លៀកបំពាក់ស្អាត,Positive,1
394,កម្មវិធីរាំកម្សាន្តនេះមិនសូវសប្បាយ អ្នកចូលរួមតិច,Negative,0
395,គ្រឿងសង្ហារឹមនេះគុណភាពល្អ ប្រើប្រាស់បានយូរ,Positive,1
396,សេវាកម្មជួលរថយន្តមិនទុកចិត្ត រថយន្តចាស់ៗ,Negative,0
397,ការសម្តែងល្ខោននេះមានអត្ថន័យជ្រាលជ្រៅ សិល្បករសម្ដែងពូកែ,Positive,1
398,កាមេរ៉ាឌីជីថលនេះថតរូបបានស្អាតណាស់ ពណ៌ធម្មជាតិ,Positive,1
399,សេវាកម្មបញ្ជាទិញអនឡាញមានបញ្ហាច្រើន ប្រព័ន្ធដំណើរការមិនល្អ,Negative,0
400,ការសម្តែងរបស់តារាចម្រៀងម្នាក់នេះគួរឱ្យចាប់អារម្មណ៍ខ្លាំង,Positive,1
401,កង់ថ្មីនេះមិនស្រួលជិះ ហ្វ្រាំងមិនសូវល្អ,Negative,0
402,សេវាកម្មម្ហូបដល់ផ្ទះរហ័សទាន់ចិត្ត ម្ហូបក៏នៅក្តៅ,Positive,1
403,កម្មវិធីសិល្បៈវប្បធម៌នេះរៀបចំមិនបានល្អ,Negative,0
404,ទូរទស្សន៍ស្មាតធីវីនេះមានមុខងារទំនើបៗ គុណភាពខ្ពស់,Positive,1
405,គ្លីនិកធ្មេញនេះពេទ្យពិនិត្យមិនល្អិតល្អន់ តម្លៃថ្លៃពេក,Negative,0
406,ភាពយន្តភាគថ្មីនេះមានរឿងរ៉ាវគួរឱ្យចាប់អារម្មណ៍ខ្លាំង,Positive,1
407,ឧបករណ៍បាញ់ថ្នាំសម្លាប់សត្វល្អិតនេះប្រើការមិនបានល្អ,Negative,0
408,សេវាកម្មសណ្ឋាគារនេះល្អឥតខ្ចោះ បុគ្គលិកមានវិជ្ជាជីវៈខ្ពស់,Positive,1
409,កម្មវិធីប្រកួតកីឡានេះរៀបចំបានល្អណាស់,Positive,1
410,ម៉ាស៊ីនកិនស្រូវនេះធ្វើការលឿន គុណភាពល្អ,Positive,1
411,អ្នកដឹកជញ្ជូនឥវ៉ាន់មកយឺតពេល ហើយទំនិញខូចខាតទៀត,Negative,0
413,កៅអីការិយាល័យថ្មីនេះអង្គុយស្រួល ធ្វើពីឈើល្អ,Positive,1
414,សេវាកម្មជួសជុលទូរទស្សន៍នេះថ្លៃពេក ហើយជួសយូរទៀត,Negative,0
415,ការសម្តែងរបាំប្រពៃណីនេះធ្វើឱ្យយើងនឹកឃើញដល់អតីតកាល,Positive,1
416,ស្បែកជើងកីឡាថ្មីនេះពាក់ស្រួល ធន់ទៀតផង,Positive,1
418,ភាពយន្តរឿងនេះមើលទៅធុញ គ្មានរសជាតិ,Negative,0
419,ម៉ាស៊ីនបោកខោអាវនេះសំអាតស្អាត ប្រើថាមពលតិច,Positive,1
420,បុគ្គលិកធនាគារនេះនិយាយស្តីមិនសមរម្យ គ្មានវិជ្ជាជីវៈ,Negative,0
421,កម្មវិធីសម្តែងសៀកនេះគួរឱ្យទាក់ទាញ,Positive,1
422,ទូរស័ព្ទស្មាតហ្វូននេះថតរូបច្បាស់ល្អ ប្រើប្រាស់ងាយស្រួល,Positive,1
423,សេវាកម្មបង់វិក្កយបត្រមានភាពស្មុគស្មាញ ចំណាយពេលច្រើន,Negative,0
424,ការប្រកួតបាល់ទាត់នេះគួរឱ្យរំភើប កីឡាករលេងល្អ,Positive,1
425,ទូទឹកកកនេះប្រើថាមពលច្រើន តម្លៃមិនសមរម្យ,Negative,0
426,សេវាកម្មអ៊ីនធឺណិតល្បឿនលឿន តម្លៃសមរម្យ,Positive,1
427,ការសម្តែងល្ខោននេះគួរឱ្យចាប់អារម្មណ៍ សិល្បករសម្ដែងបានល្អ,Positive,1
428,កង់អគ្គិសនីនេះមានបញ្ហាច្រើន ជួសញឹកញាប់,Negative,0
429,សេវាកម្មជួសជុលទូទឹកកកនេះល្អណាស់ ជាងមានជំនាញ,Positive,1
430,ព្រឹត្តិការណ៍តន្ត្រីនេះមានការរៀបចំល្អ អ្នកចូលរួមច្រើន,Positive,1
431,គ្រឿងសង្ហារឹមនេះគុណភាពអន់ ងាយខូច,Negative,0
432,សេវាកម្មសម្អាតការិយាល័យមិនទៀងទាត់ ធ្វើការមិនស្អាត,Negative,0
433,កម្មវិធីប្រគំតន្ត្រីនេះមានការរៀបចំល្អ តន្ត្រីពិរោះ,Positive,1
434,ម៉ាស៊ីនកិនកាហ្វេនេះមានសំលេងរំខាន ប្រើការមិនបានយូរ,Negative,0
435,សេវាកម្មថែទាំសួនច្បារល្អណាស់ មើលទៅស្រស់ស្អាត,Positive,1
436,ការសម្តែងរបស់ក្រុមសិល្បៈនេះមានជំនាញខ្ពស់,Positive,1
437,ម៉ូតូថ្មីនេះបើកស្រួល សន្សំប្រេង តម្លៃសមរម្យ,Positive,1
438,សេវាកម្មជួលរថយន្តមិនល្អ រថយន្តចាស់ៗ សេវាកម្មយឺត,Negative,0
440,កាបូបថ្មីនេះមានគុណភាពល្អ ដេរយ៉ាងជាប់,Positive,1
441,សេវាកម្មម៉ាស្សាមិនល្អ អ្នកម៉ាស្សាគ្មានជំនាញ,Negative,0
442,ការសម្តែងរបាំនេះមានលក្ខណៈវិជ្ជាជីវៈខ្ពស់,Positive,1
443,ឧបករណ៍ភ្លេងថ្មីនេះមានគុណភាពល្អ សំឡេងពិរោះ,Positive,1
444,សេវាកម្មជួសជុលផ្ទះមានតម្លៃសមរម្យ ធ្វើការបានល្អ,Positive,1
445,កម្មវិធីប្រកួតចម្រៀងនេះមានលក្ខណៈវិជ្ជាជីវៈ,Positive,1
446,ទូរស័ព្ទថ្មីនេះមានបញ្ហាច្រើន ប្រើការមិនបានល្អ,Negative,0
447,សេវាកម្មបោកគក់នេះធ្វើឱ្យខូចសម្លៀកបំពាក់,Negative,0
448,ការសម្តែងសិល្បៈនេះមានការច្នៃប្រឌិតថ្មី,Positive,1
449,ផលិតផលនេះគឺល្អជាមួយគុណភាពខ្ពស់,Positive,1
450,សេវាកម្មមិនបានបំពេញចិត្តខ្ញុំ,Negative,0
451,ភាពយន្តនេះមានកម្រិតកម្សាន្តខ្ពស់,Positive,1
452,ផលិតផលមិនទាន់គុណភាព,Negative,0
453,សេវាកម្មលឿន និងទំនាក់ទំនងល្អ,Positive,1
454,ការសម្តែងក្នុងភាពយន្តធម្មតាប៉ុណ្ណោះ,Negative,0
455,ផលិតផលនេះគ្មានតម្លៃដូចមុន,Positive,1
456,សេវាកម្មនៅឯកន្លែងនេះល្អណាស់,Positive,1
457,ការបរិភោគតាមកន្លែងកម្សាន្តនេះអស្ចារ្យ,Negative,0
458,ផលិតផលដែលគេនិយាយអត់ត្រឹមត្រូវ,Positive,1
459,ផលិតផលនេះគឺល្អជាមួយគុណភាពខ្ពស់,Negative,0
460,សេវាកម្មមិនបានបំពេញចិត្តខ្ញុំ,Positive,1
461,ភាពយន្តនេះមានកម្រិតកម្សាន្តខ្ពស់,Negative,0
462,ផលិតផលមិនទាន់គុណភាព,Positive,1
463,សេវាកម្មលឿន និងទំនាក់ទំនងល្អ,Negative,0
464,ការសម្តែងក្នុងភាពយន្តធម្មតាប៉ុណ្ណោះ,Positive,1
465,ផលិតផលនេះគ្មានតម្លៃដូចមុន,Positive,1
466,សេវាកម្មនៅឯកន្លែងនេះល្អណាស់,Negative,0
467,ការបរិភោគតាមកន្លែងកម្សាន្តនេះអស្ចារ្យ,Positive,1
468,ផលិតផលដែលគេនិយាយអត់ត្រឹមត្រូវ,Negative,0
469,ផលិតផលនេះគឺល្អជាមួយគុណភាពខ្ពស់,Positive,1
470,សេវាកម្មមិនបានបំពេញចិត្តខ្ញុំ,Negative,0
471,ភាពយន្តនេះមានកម្រិតកម្សាន្តខ្ពស់,Positive,1
472,ផលិតផលមិនទាន់គុណភាព,Negative,0
473,សេវាកម្មលឿន និងទំនាក់ទំនងល្អ,Positive,1
474,ការសម្តែងក្នុងភាពយន្តធម្មតាប៉ុណ្ណោះ,Positive,1
475,ផលិតផលនេះគ្មានតម្លៃដូចមុន,Negative,0
476,សេវាកម្មនៅឯកន្លែងនេះល្អណាស់,Positive,1
477,ការបរិភោគតាមកន្លែងកម្សាន្តនេះអស្ចារ្យ,Negative,0
478,ផលិតផលដែលគេនិយាយអត់ត្រឹមត្រូវ,Positive,1
479,ផលិតផលនេះគឺល្អជាមួយគុណភាពខ្ពស់,Negative,0
480,សេវាកម្មមិនបានបំពេញចិត្តខ្ញុំ,Positive,1
481,ភាពយន្តនេះមានកម្រិតកម្សាន្តខ្ពស់,Negative,0
482,ផលិតផលមិនទាន់គុណភាព,Positive,1
483,សេវាកម្មលឿន និងទំនាក់ទំនងល្អ,Positive,1
484,ការសម្តែងក្នុងភាពយន្តធម្មតាប៉ុណ្ណោះ,Negative,0
485,ផលិតផលនេះគ្មានតម្លៃដូចមុន,Positive,1
486,សេវាកម្មនៅឯកន្លែងនេះល្អណាស់,Negative,0
487,ការបរិភោគតាមកន្លែងកម្សាន្តនេះអស្ចារ្យ,Positive,1
488,ផលិតផលដែលគេនិយាយអត់ត្រឹមត្រូវ,Negative,0
489,ផលិតផលនេះគឺល្អជាមួយគុណភាពខ្ពស់,Positive,1
490,សេវាកម្មមិនបានបំពេញចិត្តខ្ញុំ,Negative,0
491,ភាពយន្តនេះមានកម្រិតកម្សាន្តខ្ពស់,Positive,1
492,ផលិតផលមិនទាន់គុណភាព,Positive,1
493,សេវាកម្មលឿន និងទំនាក់ទំនងល្អ,Negative,0
494,ការសម្តែងក្នុងភាពយន្តធម្មតាប៉ុណ្ណោះ,Positive,1
495,ផលិតផលនេះគ្មានតម្លៃដូចមុន,Negative,0
496,សេវាកម្មនៅឯកន្លែងនេះល្អណាស់,Positive,1
497,ការបរិភោគតាមកន្លែងកម្សាន្តនេះអស្ចារ្យ,Negative,0
498,ផលិតផលដែលគេនិយាយអត់ត្រឹមត្រូវ,Positive,1
499,ផលិតផលនេះគឺល្អជាមួយគុណភាពខ្ពស់,Negative,0
500,សេវាកម្មមិនបានបំពេញចិត្តខ្ញុំ,Positive,1
501,ភាពយន្តនេះមានកម្រិតកម្សាន្តខ្ពស់,Positive,1
502,ផលិតផលមិនទាន់គុណភាព,Negative,0
503,សេវាកម្មលឿន និងទំនាក់ទំនងល្អ,Positive,1
504,ការសម្តែងក្នុងភាពយន្តធម្មតាប៉ុណ្ណោះ,Negative,0
505,ផលិតផលនេះគ្មានតម្លៃដូចមុន,Positive,1
506,សេវាកម្មនៅឯកន្លែងនេះល្អណាស់,Negative,0
507,ការបរិភោគតាមកន្លែងកម្សាន្តនេះអស្ចារ្យ,Positive,1
508,ផលិតផលដែលគេនិយាយអត់ត្រឹមត្រូវ,Negative,0
509,ផលិតផលនេះគឺល្អជាមួយគុណភាពខ្ពស់,Positive,1
510,សេវាកម្មមិនបានបំពេញចិត្តខ្ញុំ,Positive,1
511,ភាពយន្តនេះមានកម្រិតកម្សាន្តខ្ពស់,Negative,0
512,ផលិតផលមិនទាន់គុណភាព,Positive,1
513,សេវាកម្មលឿន និងទំនាក់ទំនងល្អ,Negative,0
514,ការសម្តែងក្នុងភាពយន្តធម្មតាប៉ុណ្ណោះ,Positive,1
515,ផលិតផលនេះគ្មានតម្លៃដូចមុន,Negative,0
516,សេវាកម្មនៅឯកន្លែងនេះល្អណាស់,Positive,1
517,ការបរិភោគតាមកន្លែងកម្សាន្តនេះអស្ចារ្យ,Negative,0
518,ផលិតផលដែលគេនិយាយអត់ត្រឹមត្រូវ,Positive,1
519,ផលិតផលនេះគឺល្អជាមួយគុណភាពខ្ពស់,Positive,1
520,សេវាកម្មមិនបានបំពេញចិត្តខ្ញុំ,Negative,0
521,ភាពយន្តនេះមានកម្រិតកម្សាន្តខ្ពស់,Positive,1
522,ផលិតផលមិនទាន់គុណភាព,Negative,0
523,សេវាកម្មលឿន និងទំនាក់ទំនងល្អ,Positive,1
524,ការសម្តែងក្នុងភាពយន្តធម្មតាប៉ុណ្ណោះ,Negative,0
525,ផលិតផលនេះគ្មានតម្លៃដូចមុន,Positive,1
526,សេវាកម្មនៅឯកន្លែងនេះល្អណាស់,Negative,0
527,ការបរិភោគតាមកន្លែងកម្សាន្តនេះអស្ចារ្យ,Positive,1
528,ផលិតផលដែលគេនិយាយអត់ត្រឹមត្រូវ,Positive,1
529,ផលិតផលនេះគឺល្អជាមួយគុណភាពខ្ពស់,Negative,0
530,សេវាកម្មមិនបានបំពេញចិត្តខ្ញុំ,Positive,1
531,ភាពយន្តនេះមានកម្រិតកម្សាន្តខ្ពស់,Negative,0
532,ផលិតផលមិនទាន់គុណភាព,Positive,1
533,សេវាកម្មលឿន និងទំនាក់ទំនងល្អ,Negative,0
534,ការសម្តែងក្នុងភាពយន្តធម្មតាប៉ុណ្ណោះ,Positive,1
535,ផលិតផលនេះគ្មានតម្លៃដូចមុន,Negative,0
536,សេវាកម្មនៅឯកន្លែងនេះល្អណាស់,Positive,1
537,ការបរិភោគតាមកន្លែងកម្សាន្តនេះអស្ចារ្យ,Positive,1
538,ផលិតផលដែលគេនិយាយអត់ត្រឹមត្រូវ,Negative,0
539,ផលិតផលនេះគឺល្អជាមួយគុណភាពខ្ពស់,Positive,1
540,សេវាកម្មមិនបានបំពេញចិត្តខ្ញុំ,Negative,0
541,ភាពយន្តនេះមានកម្រិតកម្សាន្តខ្ពស់,Positive,1
542,ផលិតផលមិនទាន់គុណភាព,Negative,0
543,សេវាកម្មលឿន និងទំនាក់ទំនងល្អ,Positive,1
544,ការសម្តែងក្នុងភាពយន្តធម្មតាប៉ុណ្ណោះ,Negative,0
545,ផលិតផលនេះគ្មានតម្លៃដូចមុន,Positive,1
546,សេវាកម្មនៅឯកន្លែងនេះល្អណាស់,Positive,1
547,ការបរិភោគតាមកន្លែងកម្សាន្តនេះអស្ចារ្យ,Negative,0
548,ផលិតផលដែលគេនិយាយអត់ត្រឹមត្រូវ,Positive,1
549,ផលិតផលនេះគឺល្អជាមួយគុណភាពខ្ពស់,Negative,0
550,សេវាកម្មមិនបានបំពេញចិត្តខ្ញុំ,Positive,1
551,ភាពយន្តនេះមានកម្រិតកម្សាន្តខ្ពស់,Negative,0
552,ផលិតផលមិនទាន់គុណភាព,Positive,1
553,សេវាកម្មលឿន និងទំនាក់ទំនងល្អ,Negative,0
554,ការសម្តែងក្នុងភាពយន្តធម្មតាប៉ុណ្ណោះ,Positive,1
555,ផលិតផលនេះគ្មានតម្លៃដូចមុន,Positive,1
556,សេវាកម្មនៅឯកន្លែងនេះល្អណាស់,Negative,0
557,ការបរិភោគតាមកន្លែងកម្សាន្តនេះអស្ចារ្យ,Positive,1
558,ផលិតផលដែលគេនិយាយអត់ត្រឹមត្រូវ,Negative,0
559,ផលិតផលនេះគឺល្អជាមួយគុណភាពខ្ពស់,Positive,1
560,សេវាកម្មមិនបានបំពេញចិត្តខ្ញុំ,Negative,0
561,ភាពយន្តនេះមានកម្រិតកម្សាន្តខ្ពស់,Positive,1
562,ផលិតផលមិនទាន់គុណភាព,Negative,0
563,សេវាកម្មលឿន និងទំនាក់ទំនងល្អ,Positive,1
564,ការសម្តែងក្នុងភាពយន្តធម្មតាប៉ុណ្ណោះ,Positive,1
565,ផលិតផលនេះគ្មានតម្លៃដូចមុន,Negative,0
566,សេវាកម្មនៅឯកន្លែងនេះល្អណាស់,Positive,1
567,ការបរិភោគតាមកន្លែងកម្សាន្តនេះអស្ចារ្យ,Negative,0
568,ផលិតផលដែលគេនិយាយអត់ត្រឹមត្រូវ,Positive,1
569,ផលិតផលនេះគឺល្អជាមួយគុណភាពខ្ពស់,Negative,0
570,សេវាកម្មមិនបានបំពេញចិត្តខ្ញុំ,Positive,1
571,ភាពយន្តនេះមានកម្រិតកម្សាន្តខ្ពស់,Negative,0
572,ផលិតផលមិនទាន់គុណភាព,Positive,1
573,សេវាកម្មលឿន និងទំនាក់ទំនងល្អ,Positive,1
574,ការសម្តែងក្នុងភាពយន្តធម្មតាប៉ុណ្ណោះ,Negative,0
575,ផលិតផលនេះគ្មានតម្លៃដូចមុន,Positive,1
576,សេវាកម្មនៅឯកន្លែងនេះល្អណាស់,Negative,0
577,ការបរិភោគតាមកន្លែងកម្សាន្តនេះអស្ចារ្យ,Positive,1
578,ផលិតផលដែលគេនិយាយអត់ត្រឹមត្រូវ,Negative,0
579,ផលិតផលនេះគឺល្អជាមួយគុណភាពខ្ពស់,Positive,1
580,សេវាកម្មមិនបានបំពេញចិត្តខ្ញុំ,Negative,0
581,ភាពយន្តនេះមានកម្រិតកម្សាន្តខ្ពស់,Positive,1
582,ផលិតផលមិនទាន់គុណភាព,Positive,1
583,សេវាកម្មលឿន និងទំនាក់ទំនងល្អ,Negative,0
584,ការសម្តែងក្នុងភាពយន្តធម្មតាប៉ុណ្ណោះ,Positive,1
585,ផលិតផលនេះគ្មានតម្លៃដូចមុន,Negative,0
586,សេវាកម្មនៅឯកន្លែងនេះល្អណាស់,Positive,1
587,ការបរិភោគតាមកន្លែងកម្សាន្តនេះអស្ចារ្យ,Negative,0
588,ផលិតផលដែលគេនិយាយអត់ត្រឹមត្រូវ,Positive,1
589,ផលិតផលនេះគឺល្អជាមួយគុណភាពខ្ពស់,Negative,0
590,សេវាកម្មមិនបានបំពេញចិត្តខ្ញុំ,Positive,1
591,ភាពយន្តនេះមានកម្រិតកម្សាន្តខ្ពស់,Positive,1
592,ផលិតផលមិនទាន់គុណភាព,Negative,0
593,សេវាកម្មលឿន និងទំនាក់ទំនងល្អ,Positive,1
594,ការសម្តែងក្នុងភាពយន្តធម្មតាប៉ុណ្ណោះ,Negative,0
595,ផលិតផលនេះគ្មានតម្លៃដូចមុន,Positive,1
596,សេវាកម្មនៅឯកន្លែងនេះល្អណាស់,Negative,0
597,ការបរិភោគតាមកន្លែងកម្សាន្តនេះអស្ចារ្យ,Positive,1
598,ផលិតផលដែលគេនិយាយអត់ត្រឹមត្រូវ,Negative,0
599,ផលិតផលនេះគឺល្អជាមួយគុណភាពខ្ពស់,Positive,1
600,សេវាកម្មមិនបានបំពេញចិត្តខ្ញុំ,Positive,1
601,ភាពយន្តនេះមានកម្រិតកម្សាន្តខ្ពស់,Negative,0
602,ផលិតផលមិនទាន់គុណភាព,Positive,1
603,សេវាកម្មលឿន និងទំនាក់ទំនងល្អ,Negative,0
604,ការសម្តែងក្នុងភាពយន្តធម្មតាប៉ុណ្ណោះ,Positive,1
605,ផលិតផលនេះគ្មានតម្លៃដូចមុន,Negative,0
606,សេវាកម្មនៅឯកន្លែងនេះល្អណាស់,Positive,1
607,ការបរិភោគតាមកន្លែងកម្សាន្តនេះអស្ចារ្យ,Negative,0
608,ផលិតផលដែលគេនិយាយអត់ត្រឹមត្រូវ,Positive,1
609,ផលិតផលនេះគឺល្អជាមួយគុណភាពខ្ពស់,Positive,1
610,សេវាកម្មមិនបានបំពេញចិត្តខ្ញុំ,Negative,0
611,ភាពយន្តនេះមានកម្រិតកម្សាន្តខ្ពស់,Positive,1
612,ផលិតផលមិនទាន់គុណភាព,Negative,0
613,សេវាកម្មលឿន និងទំនាក់ទំនងល្អ,Positive,1
614,ការសម្តែងក្នុងភាពយន្តធម្មតាប៉ុណ្ណោះ,Negative,0
615,ផលិតផលនេះគ្មានតម្លៃដូចមុន,Positive,1
616,សេវាកម្មនៅឯកន្លែងនេះល្អណាស់,Negative,0
617,ការបរិភោគតាមកន្លែងកម្សាន្តនេះអស្ចារ្យ,Positive,1
618,ផលិតផលដែលគេនិយាយអត់ត្រឹមត្រូវ,Positive,1
619,ផលិតផលនេះគឺល្អជាមួយគុណភាពខ្ពស់,Negative,0
620,សេវាកម្មមិនបានបំពេញចិត្តខ្ញុំ,Positive,1
621,ភាពយន្តនេះមានកម្រិតកម្សាន្តខ្ពស់,Negative,0
622,ផលិតផលមិនទាន់គុណភាព,Positive,1
623,សេវាកម្មលឿន និងទំនាក់ទំនងល្អ,Negative,0
624,ការសម្តែងក្នុងភាពយន្តធម្មតាប៉ុណ្ណោះ,Positive,1
625,ផលិតផលនេះគ្មានតម្លៃដូចមុន,Negative,0
626,សេវាកម្មនៅឯកន្លែងនេះល្អណាស់,Positive,1
627,ការបរិភោគតាមកន្លែងកម្សាន្តនេះអស្ចារ្យ,Positive,1
628,ផលិតផលដែលគេនិយាយអត់ត្រឹមត្រូវ,Negative,0
629,ផលិតផលនេះគឺល្អជាមួយគុណភាពខ្ពស់,Positive,1
630,សេវាកម្មមិនបានបំពេញចិត្តខ្ញុំ,Negative,0
631,ភាពយន្តនេះមានកម្រិតកម្សាន្តខ្ពស់,Positive,1
632,ផលិតផលមិនទាន់គុណភាព,Negative,0
633,សេវាកម្មលឿន និងទំនាក់ទំនងល្អ,Positive,1
634,ការសម្តែងក្នុងភាពយន្តធម្មតាប៉ុណ្ណោះ,Negative,0
635,ផលិតផលនេះគ្មានតម្លៃដូចមុន,Positive,1
636,សេវាកម្មនៅឯកន្លែងនេះល្អណាស់,Positive,1
637,ការបរិភោគតាមកន្លែងកម្សាន្តនេះអស្ចារ្យ,Negative,0
638,ផលិតផលដែលគេនិយាយអត់ត្រឹមត្រូវ,Positive,1
639,ផលិតផលនេះគឺល្អជាមួយគុណភាពខ្ពស់,Negative,0
640,សេវាកម្មមិនបានបំពេញចិត្តខ្ញុំ,Positive,1
641,ភាពយន្តនេះមានកម្រិតកម្សាន្តខ្ពស់,Negative,0
642,ផលិតផលមិនទាន់គុណភាព,Positive,1
643,សេវាកម្មលឿន និងទំនាក់ទំនងល្អ,Negative,0
644,ការសម្តែងក្នុងភាពយន្តធម្មតាប៉ុណ្ណោះ,Positive,1
645,ផលិតផលនេះគ្មានតម្លៃដូចមុន,Positive,1
646,សេវាកម្មនៅឯកន្លែងនេះល្អណាស់,Negative,0
647,ការបរិភោគតាមកន្លែងកម្សាន្តនេះអស្ចារ្យ,Positive,1
648,ផលិតផលដែលគេនិយាយអត់ត្រឹមត្រូវ,Negative,0
649,ផលិតផលនេះគឺល្អជាមួយគុណភាពខ្ពស់,Positive,1
650,សេវាកម្មមិនបានបំពេញចិត្តខ្ញុំ,Negative,0
651,ភាពយន្តនេះមានកម្រិតកម្សាន្តខ្ពស់,Positive,1
652,ផលិតផលមិនទាន់គុណភាព,Negative,0
653,សេវាកម្មលឿន និងទំនាក់ទំនងល្អ,Positive,1
654,ការសម្តែងក្នុងភាពយន្តធម្មតាប៉ុណ្ណោះ,Positive,1
655,ផលិតផលនេះគ្មានតម្លៃដូចមុន,Negative,0
656,សេវាកម្មនៅឯកន្លែងនេះល្អណាស់,Positive,1
657,ការបរិភោគតាមកន្លែងកម្សាន្តនេះអស្ចារ្យ,Negative,0
658,ផលិតផលដែលគេនិយាយអត់ត្រឹមត្រូវ,Positive,1
659,ផលិតផលនេះគឺល្អជាមួយគុណភាពខ្ពស់,Negative,0
660,សេវាកម្មមិនបានបំពេញចិត្តខ្ញុំ,Positive,1
661,ភាពយន្តនេះមានកម្រិតកម្សាន្តខ្ពស់,Negative,0
662,ផលិតផលមិនទាន់គុណភាព,Positive,1
663,សេវាកម្មលឿន និងទំនាក់ទំនងល្អ,Positive,1
664,ការសម្តែងក្នុងភាពយន្តធម្មតាប៉ុណ្ណោះ,Negative,0
665,ផលិតផលនេះគ្មានតម្លៃដូចមុន,Positive,1
666,សេវាកម្មនៅឯកន្លែងនេះល្អណាស់,Negative,0
667,ការបរិភោគតាមកន្លែងកម្សាន្តនេះអស្ចារ្យ,Positive,1
668,ផលិតផលដែលគេនិយាយអត់ត្រឹមត្រូវ,Negative,0
669,ផលិតផលនេះគឺល្អជាមួយគុណភាពខ្ពស់,Positive,1
670,សេវាកម្មមិនបានបំពេញចិត្តខ្ញុំ,Negative,0
671,ភាពយន្តនេះមានកម្រិតកម្សាន្តខ្ពស់,Positive,1
672,ផលិតផលមិនទាន់គុណភាព,Positive,1
673,សេវាកម្មលឿន និងទំនាក់ទំនងល្អ,Negative,0
674,ការសម្តែងក្នុងភាពយន្តធម្មតាប៉ុណ្ណោះ,Positive,1
675,ផលិតផលនេះគ្មានតម្លៃដូចមុន,Negative,0
676,សេវាកម្មនៅឯកន្លែងនេះល្អណាស់,Positive,1
677,ការបរិភោគតាមកន្លែងកម្សាន្តនេះអស្ចារ្យ,Negative,0
678,ផលិតផលដែលគេនិយាយអត់ត្រឹមត្រូវ,Positive,1
679,ផលិតផលនេះគឺល្អជាមួយគុណភាពខ្ពស់,Negative,0
680,សេវាកម្មមិនបានបំពេញចិត្តខ្ញុំ,Positive,1
681,ភាពយន្តនេះមានកម្រិតកម្សាន្តខ្ពស់,Positive,1
682,ផលិតផលមិនទាន់គុណភាព,Negative,0
683,សេវាកម្មលឿន និងទំនាក់ទំនងល្អ,Positive,1
684,ការសម្តែងក្នុងភាពយន្តធម្មតាប៉ុណ្ណោះ,Negative,0
685,ផលិតផលនេះគ្មានតម្លៃដូចមុន,Positive,1
686,សេវាកម្មនៅឯកន្លែងនេះល្អណាស់,Negative,0
687,ការបរិភោគតាមកន្លែងកម្សាន្តនេះអស្ចារ្យ,Positive,1
688,ផលិតផលដែលគេនិយាយអត់ត្រឹមត្រូវ,Negative,0
689,ផលិតផលនេះគឺល្អជាមួយគុណភាពខ្ពស់,Positive,1
690,សេវាកម្មមិនបានបំពេញចិត្តខ្ញុំ,Positive,1
691,ភាពយន្តនេះមានកម្រិតកម្សាន្តខ្ពស់,Negative,0
692,ផលិតផលមិនទាន់គុណភាព,Positive,1
693,សេវាកម្មលឿន និងទំនាក់ទំនងល្អ,Negative,0
694,ការសម្តែងក្នុងភាពយន្តធម្មតាប៉ុណ្ណោះ,Positive,1
695,ផលិតផលនេះគ្មានតម្លៃដូចមុន,Negative,0
696,សេវាកម្មនៅឯកន្លែងនេះល្អណាស់,Positive,1
697,ការបរិភោគតាមកន្លែងកម្សាន្តនេះអស្ចារ្យ,Negative,0
698,ផលិតផលដែលគេនិយាយអត់ត្រឹមត្រូវ,Positive,1
699,ផលិតផលនេះគឺល្អជាមួយគុណភាពខ្ពស់,Positive,1
700,សេវាកម្មមិនបានបំពេញចិត្តខ្ញុំ,Negative,0
701,ភាពយន្តនេះមានកម្រិតកម្សាន្តខ្ពស់,Positive,1
702,ផលិតផលមិនទាន់គុណភាព,Negative,0
703,សេវាកម្មលឿន និងទំនាក់ទំនងល្អ,Positive,1
704,ការសម្តែងក្នុងភាពយន្តធម្មតាប៉ុណ្ណោះ,Negative,0
705,ផលិតផលនេះគ្មានតម្លៃដូចមុន,Positive,1
706,សេវាកម្មនៅឯកន្លែងនេះល្អណាស់,Negative,0
707,ការបរិភោគតាមកន្លែងកម្សាន្តនេះអស្ចារ្យ,Positive,1
708,ផលិតផលដែលគេនិយាយអត់ត្រឹមត្រូវ,Positive,1
709,ផលិតផលនេះគឺល្អជាមួយគុណភាពខ្ពស់,Negative,0
710,សេវាកម្មមិនបានបំពេញចិត្តខ្ញុំ,Positive,1
711,ភាពយន្តនេះមានកម្រិតកម្សាន្តខ្ពស់,Negative,0
712,ផលិតផលមិនទាន់គុណភាព,Positive,1
713,សេវាកម្មលឿន និងទំនាក់ទំនងល្អ,Negative,0
714,ការសម្តែងក្នុងភាពយន្តធម្មតាប៉ុណ្ណោះ,Positive,1
715,ផលិតផលនេះគ្មានតម្លៃដូចមុន,Negative,0
716,សេវាកម្មនៅឯកន្លែងនេះល្អណាស់,Positive,1
717,ការបរិភោគតាមកន្លែងកម្សាន្តនេះអស្ចារ្យ,Positive,1
718,ផលិតផលដែលគេនិយាយអត់ត្រឹមត្រូវ,Negative,0
719,ផលិតផលនេះគឺល្អជាមួយគុណភាពខ្ពស់,Positive,1
720,សេវាកម្មមិនបានបំពេញចិត្តខ្ញុំ,Negative,0
721,ភាពយន្តនេះមានកម្រិតកម្សាន្តខ្ពស់,Positive,1
722,ផលិតផលមិនទាន់គុណភាព,Negative,0
723,សេវាកម្មលឿន និងទំនាក់ទំនងល្អ,Positive,1
724,ការសម្តែងក្នុងភាពយន្តធម្មតាប៉ុណ្ណោះ,Negative,0
725,ផលិតផលនេះគ្មានតម្លៃដូចមុន,Positive,1
726,សេវាកម្មនៅឯកន្លែងនេះល្អណាស់,Positive,1
727,ការបរិភោគតាមកន្លែងកម្សាន្តនេះអស្ចារ្យ,Negative,0
728,ផលិតផលដែលគេនិយាយអត់ត្រឹមត្រូវ,Positive,1
729,ផលិតផលនេះគឺល្អជាមួយគុណភាពខ្ពស់,Negative,0
730,សេវាកម្មមិនបានបំពេញចិត្តខ្ញុំ,Positive,1
731,ភាពយន្តនេះមានកម្រិតកម្សាន្តខ្ពស់,Negative,0
732,ផលិតផលមិនទាន់គុណភាព,Positive,1
733,សេវាកម្មលឿន និងទំនាក់ទំនងល្អ,Negative,0
734,ការសម្តែងក្នុងភាពយន្តធម្មតាប៉ុណ្ណោះ,Positive,1
735,ផលិតផលនេះគ្មានតម្លៃដូចមុន,Positive,1
736,សេវាកម្មនៅឯកន្លែងនេះល្អណាស់,Negative,0
737,ការបរិភោគតាមកន្លែងកម្សាន្តនេះអស្ចារ្យ,Positive,1
738,ផលិតផលដែលគេនិយាយអត់ត្រឹមត្រូវ,Negative,0
739,ផលិតផលនេះគឺល្អជាមួយគុណភាពខ្ពស់,Positive,1
740,សេវាកម្មមិនបានបំពេញចិត្តខ្ញុំ,Negative,0
741,ភាពយន្តនេះមានកម្រិតកម្សាន្តខ្ពស់,Positive,1
742,ផលិតផលមិនទាន់គុណភាព,Negative,0
743,សេវាកម្មលឿន និងទំនាក់ទំនងល្អ,Positive,1
744,ការសម្តែងក្នុងភាពយន្តធម្មតាប៉ុណ្ណោះ,Positive,1
745,ផលិតផលនេះគ្មានតម្លៃដូចមុន,Negative,0
746,សេវាកម្មនៅឯកន្លែងនេះល្អណាស់,Positive,1
747,ការបរិភោគតាមកន្លែងកម្សាន្តនេះអស្ចារ្យ,Negative,0
748,ផលិតផលដែលគេនិយាយអត់ត្រឹមត្រូវ,Positive,1
749,ផលិតផលនេះគឺល្អជាមួយគុណភាពខ្ពស់,Negative,0
750,សេវាកម្មមិនបានបំពេញចិត្តខ្ញុំ,Positive,1
751,ភាពយន្តនេះមានកម្រិតកម្សាន្តខ្ពស់,Negative,0
752,ផលិតផលមិនទាន់គុណភាព,Positive,1
753,សេវាកម្មលឿន និងទំនាក់ទំនងល្អ,Positive,1
754,ការសម្តែងក្នុងភាពយន្តធម្មតាប៉ុណ្ណោះ,Negative,0
755,ផលិតផលនេះគ្មានតម្លៃដូចមុន,Positive,1
756,សេវាកម្មនៅឯកន្លែងនេះល្អណាស់,Negative,0
757,ការបរិភោគតាមកន្លែងកម្សាន្តនេះអស្ចារ្យ,Positive,1
758,ផលិតផលដែលគេនិយាយអត់ត្រឹមត្រូវ,Negative,0
759,ផលិតផលនេះគឺល្អជាមួយគុណភាពខ្ពស់,Positive,1
760,សេវាកម្មមិនបានបំពេញចិត្តខ្ញុំ,Negative,0
761,ភាពយន្តនេះមានកម្រិតកម្សាន្តខ្ពស់,Positive,1
762,ផលិតផលមិនទាន់គុណភាព,Positive,1
763,សេវាកម្មលឿន និងទំនាក់ទំនងល្អ,Negative,0
764,ការសម្តែងក្នុងភាពយន្តធម្មតាប៉ុណ្ណោះ,Positive,1
765,ផលិតផលនេះគ្មានតម្លៃដូចមុន,Negative,0
766,សេវាកម្មនៅឯកន្លែងនេះល្អណាស់,Positive,1
767,ការបរិភោគតាមកន្លែងកម្សាន្តនេះអស្ចារ្យ,Negative,0
768,ផលិតផលដែលគេនិយាយអត់ត្រឹមត្រូវ,Positive,1
769,ផលិតផលនេះគឺល្អជាមួយគុណភាពខ្ពស់,Negative,0
770,សេវាកម្មមិនបានបំពេញចិត្តខ្ញុំ,Positive,1
771,ភាពយន្តនេះមានកម្រិតកម្សាន្តខ្ពស់,Positive,1
772,ផលិតផលមិនទាន់គុណភាព,Negative,0
773,សេវាកម្មលឿន និងទំនាក់ទំនងល្អ,Positive,1
774,ការសម្តែងក្នុងភាពយន្តធម្មតាប៉ុណ្ណោះ,Negative,0
775,ផលិតផលនេះគ្មានតម្លៃដូចមុន,Positive,1
776,សេវាកម្មនៅឯកន្លែងនេះល្អណាស់,Negative,0
777,ការបរិភោគតាមកន្លែងកម្សាន្តនេះអស្ចារ្យ,Positive,1
778,ផលិតផលដែលគេនិយាយអត់ត្រឹមត្រូវ,Negative,0
779,ផលិតផលនេះគឺល្អជាមួយគុណភាពខ្ពស់,Positive,1
780,សេវាកម្មមិនបានបំពេញចិត្តខ្ញុំ,Positive,1
781,ភាពយន្តនេះមានកម្រិតកម្សាន្តខ្ពស់,Negative,0
782,ផលិតផលមិនទាន់គុណភាព,Positive,1
783,សេវាកម្មលឿន និងទំនាក់ទំនងល្អ,Negative,0
784,ការសម្តែងក្នុងភាពយន្តធម្មតាប៉ុណ្ណោះ,Positive,1
785,ផលិតផលនេះគ្មានតម្លៃដូចមុន,Negative,0
786,សេវាកម្មនៅឯកន្លែងនេះល្អណាស់,Positive,1
787,ការបរិភោគតាមកន្លែងកម្សាន្តនេះអស្ចារ្យ,Negative,0
788,ផលិតផលដែលគេនិយាយអត់ត្រឹមត្រូវ,Positive,1
789,ផលិតផលនេះគឺល្អជាមួយគុណភាពខ្ពស់,Positive,1
790,សេវាកម្មមិនបានបំពេញចិត្តខ្ញុំ,Negative,0
791,ភាពយន្តនេះមានកម្រិតកម្សាន្តខ្ពស់,Positive,1
792,ផលិតផលមិនទាន់គុណភាព,Negative,0
793,សេវាកម្មលឿន និងទំនាក់ទំនងល្អ,Positive,1
794,ការសម្តែងក្នុងភាពយន្តធម្មតាប៉ុណ្ណោះ,Negative,0
795,ផលិតផលនេះគ្មានតម្លៃដូចមុន,Positive,1
796,សេវាកម្មនៅឯកន្លែងនេះល្អណាស់,Negative,0
797,ការបរិភោគតាមកន្លែងកម្សាន្តនេះអស្ចារ្យ,Positive,1
798,ផលិតផលដែលគេនិយាយអត់ត្រឹមត្រូវ,Positive,1
799,ផលិតផលនេះគឺល្អជាមួយគុណភាពខ្ពស់,Negative,0
800,សេវាកម្មមិនបានបំពេញចិត្តខ្ញុំ,Positive,1
801,ភាពយន្តនេះមានកម្រិតកម្សាន្តខ្ពស់,Negative,0
802,ផលិតផលមិនទាន់គុណភាព,Positive,1
803,សេវាកម្មលឿន និងទំនាក់ទំនងល្អ,Negative,0
804,ការសម្តែងក្នុងភាពយន្តធម្មតាប៉ុណ្ណោះ,Positive,1
805,ផលិតផលនេះគ្មានតម្លៃដូចមុន,Negative,0
806,សេវាកម្មនៅឯកន្លែងនេះល្អណាស់,Positive,1
807,ការបរិភោគតាមកន្លែងកម្សាន្តនេះអស្ចារ្យ,Positive,1
808,ផលិតផលដែលគេនិយាយអត់ត្រឹមត្រូវ,Negative,0
809,ផលិតផលនេះគឺល្អជាមួយគុណភាពខ្ពស់,Positive,1
810,សេវាកម្មមិនបានបំពេញចិត្តខ្ញុំ,Negative,0
811,ភាពយន្តនេះមានកម្រិតកម្សាន្តខ្ពស់,Positive,1
812,ផលិតផលមិនទាន់គុណភាព,Negative,0
813,សេវាកម្មលឿន និងទំនាក់ទំនងល្អ,Positive,1
814,ការសម្តែងក្នុងភាពយន្តធម្មតាប៉ុណ្ណោះ,Negative,0
815,ផលិតផលនេះគ្មានតម្លៃដូចមុន,Positive,1
816,សេវាកម្មនៅឯកន្លែងនេះល្អណាស់,Positive,1
817,ការបរិភោគតាមកន្លែងកម្សាន្តនេះអស្ចារ្យ,Negative,0
818,ផលិតផលដែលគេនិយាយអត់ត្រឹមត្រូវ,Positive,1
819,ផលិតផលនេះគឺល្អជាមួយគុណភាពខ្ពស់,Negative,0
820,សេវាកម្មមិនបានបំពេញចិត្តខ្ញុំ,Positive,1
821,ភាពយន្តនេះមានកម្រិតកម្សាន្តខ្ពស់,Negative,0
822,ផលិតផលមិនទាន់គុណភាព,Positive,1
823,សេវាកម្មលឿន និងទំនាក់ទំនងល្អ,Negative,0
824,ការសម្តែងក្នុងភាពយន្តធម្មតាប៉ុណ្ណោះ,Positive,1
825,ផលិតផលនេះគ្មានតម្លៃដូចមុន,Positive,1
826,សេវាកម្មនៅឯកន្លែងនេះល្អណាស់,Negative,0
827,ការបរិភោគតាមកន្លែងកម្សាន្តនេះអស្ចារ្យ,Positive,1
828,ផលិតផលដែលគេនិយាយអត់ត្រឹមត្រូវ,Negative,0
829,ផលិតផលនេះគឺល្អជាមួយគុណភាពខ្ពស់,Positive,1
830,សេវាកម្មមិនបានបំពេញចិត្តខ្ញុំ,Negative,0
831,ភាពយន្តនេះមានកម្រិតកម្សាន្តខ្ពស់,Positive,1
832,ផលិតផលមិនទាន់គុណភាព,Negative,0
833,សេវាកម្មលឿន និងទំនាក់ទំនងល្អ,Positive,1
834,ការសម្តែងក្នុងភាពយន្តធម្មតាប៉ុណ្ណោះ,Positive,1
835,ផលិតផលនេះគ្មានតម្លៃដូចមុន,Negative,0
836,សេវាកម្មនៅឯកន្លែងនេះល្អណាស់,Positive,1
837,ការបរិភោគតាមកន្លែងកម្សាន្តនេះអស្ចារ្យ,Negative,0
838,ផលិតផលដែលគេនិយាយអត់ត្រឹមត្រូវ,Positive,1
839,ផលិតផលនេះគឺល្អជាមួយគុណភាពខ្ពស់,Negative,0
840,សេវាកម្មមិនបានបំពេញចិត្តខ្ញុំ,Positive,1
841,ភាពយន្តនេះមានកម្រិតកម្សាន្តខ្ពស់,Negative,0
842,ផលិតផលមិនទាន់គុណភាព,Positive,1
843,សេវាកម្មលឿន និងទំនាក់ទំនងល្អ,Positive,1
844,ការសម្តែងក្នុងភាពយន្តធម្មតាប៉ុណ្ណោះ,Negative,0
845,ផលិតផលនេះគ្មានតម្លៃដូចមុន,Positive,1
846,សេវាកម្មនៅឯកន្លែងនេះល្អណាស់,Negative,0
847,ការបរិភោគតាមកន្លែងកម្សាន្តនេះអស្ចារ្យ,Positive,1
848,ផលិតផលដែលគេនិយាយអត់ត្រឹមត្រូវ,Negative,0
849,ផលិតផលនេះគឺល្អជាមួយគុណភាពខ្ពស់,Positive,1
850,សេវាកម្មមិនបានបំពេញចិត្តខ្ញុំ,Negative,0
851,ភាពយន្តនេះមានកម្រិតកម្សាន្តខ្ពស់,Positive,1
852,ផលិតផលមិនទាន់គុណភាព,Positive,1
853,សេវាកម្មលឿន និងទំនាក់ទំនងល្អ,Negative,0
854,ការសម្តែងក្នុងភាពយន្តធម្មតាប៉ុណ្ណោះ,Positive,1
855,ផលិតផលនេះគ្មានតម្លៃដូចមុន,Negative,0
856,សេវាកម្មនៅឯកន្លែងនេះល្អណាស់,Positive,1
857,ការបរិភោគតាមកន្លែងកម្សាន្តនេះអស្ចារ្យ,Negative,0
858,ផលិតផលដែលគេនិយាយអត់ត្រឹមត្រូវ,Positive,1
859,ផលិតផលនេះគឺល្អជាមួយគុណភាពខ្ពស់,Negative,0
860,សេវាកម្មមិនបានបំពេញចិត្តខ្ញុំ,Positive,1
861,ភាពយន្តនេះមានកម្រិតកម្សាន្តខ្ពស់,Positive,1
862,ផលិតផលមិនទាន់គុណភាព,Negative,0
863,សេវាកម្មលឿន និងទំនាក់ទំនងល្អ,Positive,1
864,ការសម្តែងក្នុងភាពយន្តធម្មតាប៉ុណ្ណោះ,Negative,0
865,ផលិតផលនេះគ្មានតម្លៃដូចមុន,Positive,1
866,សេវាកម្មនៅឯកន្លែងនេះល្អណាស់,Negative,0
867,ការបរិភោគតាមកន្លែងកម្សាន្តនេះអស្ចារ្យ,Positive,1
868,ផលិតផលដែលគេនិយាយអត់ត្រឹមត្រូវ,Negative,0
869,ផលិតផលនេះគឺល្អជាមួយគុណភាពខ្ពស់,Positive,1
870,សេវាកម្មមិនបានបំពេញចិត្តខ្ញុំ,Positive,1
871,ភាពយន្តនេះមានកម្រិតកម្សាន្តខ្ពស់,Negative,0
872,ផលិតផលមិនទាន់គុណភាព,Positive,1
873,សេវាកម្មលឿន និងទំនាក់ទំនងល្អ,Negative,0
874,ការសម្តែងក្នុងភាពយន្តធម្មតាប៉ុណ្ណោះ,Positive,1
875,ផលិតផលនេះគ្មានតម្លៃដូចមុន,Negative,0
876,សេវាកម្មនៅឯកន្លែងនេះល្អណាស់,Positive,1
877,ការបរិភោគតាមកន្លែងកម្សាន្តនេះអស្ចារ្យ,Negative,0
878,ផលិតផលដែលគេនិយាយអត់ត្រឹមត្រូវ,Positive,1
879,ផលិតផលនេះគឺល្អជាមួយគុណភាពខ្ពស់,Positive,1
880,សេវាកម្មមិនបានបំពេញចិត្តខ្ញុំ,Negative,0
881,ភាពយន្តនេះមានកម្រិតកម្សាន្តខ្ពស់,Positive,1
882,ផលិតផលមិនទាន់គុណភាព,Negative,0
883,សេវាកម្មលឿន និងទំនាក់ទំនងល្អ,Positive,1
884,ការសម្តែងក្នុងភាពយន្តធម្មតាប៉ុណ្ណោះ,Negative,0
885,ផលិតផលនេះគ្មានតម្លៃដូចមុន,Positive,1
886,សេវាកម្មនៅឯកន្លែងនេះល្អណាស់,Negative,0
887,ការបរិភោគតាមកន្លែងកម្សាន្តនេះអស្ចារ្យ,Positive,1
888,ផលិតផលដែលគេនិយាយអត់ត្រឹមត្រូវ,Positive,1
889,ផលិតផលនេះគឺល្អជាមួយគុណភាពខ្ពស់,Negative,0
890,សេវាកម្មមិនបានបំពេញចិត្តខ្ញុំ,Positive,1
891,ភាពយន្តនេះមានកម្រិតកម្សាន្តខ្ពស់,Negative,0
892,ផលិតផលមិនទាន់គុណភាព,Positive,1
893,សេវាកម្មលឿន និងទំនាក់ទំនងល្អ,Negative,0
894,ការសម្តែងក្នុងភាពយន្តធម្មតាប៉ុណ្ណោះ,Positive,1
895,ផលិតផលនេះគ្មានតម្លៃដូចមុន,Negative,0
896,សេវាកម្មនៅឯកន្លែងនេះល្អណាស់,Positive,1
897,ការបរិភោគតាមកន្លែងកម្សាន្តនេះអស្ចារ្យ,Positive,1
898,ផលិតផលដែលគេនិយាយអត់ត្រឹមត្រូវ,Negative,0
899,នំប៉័ងនេះមានរសជាតិឆ្ងាញ់ណាស់ ស្រស់ៗ និងមានក្លិនឈ្ងុយ,Positive,1
900,ខ្សែភាពយន្តថ្មីនេះធ្វើបានល្អណាស់ តួសម្ដែងពូកែៗ រឿងរ៉ាវគួរឱ្យចាប់អារម្មណ៍,Positive,1
901,ទូរស័ព្ទថ្មីនេះប្រើប្រាស់ងាយស្រួល ថ្មល្អ កាមេរ៉ាច្បាស់,Positive,1
902,បុគ្គលិកមានការរួសរាយរាក់ទាក់ល្អ,Positive,1
903,សេវាកម្មដឹកជញ្ជូនលឿន,Positive,1
904,កុនដែលទើបចេញថ្មីគួរឱ្យចាប់អារម្មណ៍ តួឯកសម្តែងពូកែ,Positive,1
905,កាមេរ៉ាថ្មីនេះថតរូបស្អាត,Positive,1
906,សេវាកម្មជួសជុលល្អណាស់ ជាងមានជំនាញ,Positive,1
907,ទូរទស្សន៍នេះមានគុណភាពល្អ រូបភាពច្បាស់,Positive,1
908,សណ្ឋាគារនេះមានសេវាកម្មល្អណាស់,Positive,1
909,កម្មវិធីសិល្បៈនេះគួរឱ្យចាប់អារម្មណ៍,Positive,1
910,គុណភាពសម្លៀកបំពាក់ល្អណាស់ តម្លៃសមរម្យ,Positive,1
911,ការសម្តែងរបស់តារាចម្រៀងនេះអស្ចារ្យណាស់,Positive,1
912,តន្ត្រីកម្សាន្តនៅក្លឹបនេះពិរោះណាស់,Positive,1
913,កុំព្យូទ័រនេះដំណើរការល្អ,Positive,1
914,កម្មវិធីរាំនេះរីករាយណាស់,Positive,1
915,កង់ថ្មីនេះប្រើការបានល្អណាស់,Positive,1
916,ការសម្តែងរបាំប្រពៃណីនេះល្អណាស់,Positive,1
917,កម្មវិធីសម្តែងសៀកនេះអស្ចារ្យណាស់,Positive,1
918,ទូរស័ព្ទនេះថតរូបស្អាត,Positive,1
919,កម្មវិធីទូរទស្សន៍នេះមានការច្នៃប្រឌិតខ្ពស់,Positive,1
920,សេវាកម្មនៅហាងនេះគួរឱ្យខកចិត្តណាស់,Negative,0
921,តម្លៃទំនិញថ្លៃពេក,Negative,0
922,កម្មវិធីតន្ត្រីមិនសូវពិរោះ,Negative,0
923,អាហារដ្ឋាននេះមិនសូវមានរូបរាងល្អ,Negative,0
924,ទូរស័ព្ទនេះប្រើការមិនបានល្អ,Negative,0
925,អាជីវកម្មម៉ាស្សា,Negative,0
926,មុខងារទូរស័ព្ទមិនសូវច្បាស់,Negative,0
927,កម្មវិធីចម្រៀងមិនសូវមានអ្វីថ្មី,Negative,0
928,ម៉ាស៊ីនត្រជាក់នេះមិនត្រជាក់សព្វ,Negative,0
929,សេវាកម្មដឹកជញ្ជូនយឺត,Negative,0
930,កម្មវិធីសម្តែងល្ខោនមិនគួរឱ្យចាប់អារម្មណ៍,Negative,0
931,ការសម្តែងរបស់តារានេះមិនសូវមានអ្វីពិសេស,Negative,0
932,កុំព្យូទ័រនេះមិនអាចប្រើការមានលទ្ធភាពល្អ,Negative,0
933,កម្មវិធីសម្តែងល្ខោនបង្កប់ដោយបញ្ហា,Negative,0
934,ការទិញនៅលើគេហទំព័រយ៉ាងងាយស្រួល។,Positive,1
935,ខ្ញុំមិនពេញចិត្តជាមួយបទចម្រៀងនេះ។,Negative,0
936,បរិយាកាសនៅហាងនេះមិនល្អ។,Negative,0
937,រឿងថ្មីនេះធ្វើឱ្យខ្ញុំខកចិត្ត។,Negative,0
938,ខ្ញុំចូលចិត្តម៉ាកនេះជាពិសេស។,Positive,1
939,ខ្ញុំបានទទួលទំនិញយ៉ាងឆាប់រហ័ស។,Positive,1
940,ការបម្រើអតិថិជននៅទីនេះគឺល្អឥតខ្ចោះ។,Positive,1
941,បទថ្មីនេះមិនទាក់ចិត្ត។,Negative,0
942,ការសម្តែងរបស់តារាសម្តែងគ្មានគុណភាព។,Negative,0
943,បទចម្រៀងនេះប៉ះដល់ចិត្តយ៉ាងខ្លាំង។,Positive,1
944,ខ្ញុំមានបទពិសោធន៍អាក្រក់ជាមួយសេវាកម្មនេះ។,Negative,0
945,ខ្ញុំមានបទពិសោធន៍ល្អជាមួយសេវាកម្មនេះ។,Positive,1
946,ខ្ញុំពិតជាផ្អែមល្ហែមជាមួយបទចម្រៀងថ្មីនេះ។,Positive,1
947,សេវាកម្មយ៉ាងល្អប្រសើរ។,Positive,1
948,សេវាកម្មមិនទាន់បំពេញតាមចិត្តទេ។,Negative,0
949,ខ្ញុំពិតជាផ្អែមល្ហែមជាមួយបទចម្រៀងថ្មីនេះ។,Positive,1
950,ខ្ញុំពិតជាផ្អែមល្ហែមជាមួយបទចម្រៀងថ្មីនេះ។,Positive,1
951,រឿងថ្មីនេះធ្វើឱ្យខ្ញុំខកចិត្ត។,Negative,0
952,បទថ្មីនេះមិនទាក់ចិត្ត។,Negative,0
953,ការទិញនៅលើគេហទំព័រយ៉ាងងាយស្រួល។,Positive,1
954,សេវាកម្មយ៉ាងល្អប្រសើរ។,Positive,1
955,ខ្ញុំពិតជាផ្អែមល្ហែមជាមួយបទចម្រៀងថ្មីនេះ។,Positive,1
956,ការសម្តែងនៅលើឆាកមិនអាចទាញយកភ្នែកចេញបាន។,Positive,1
957,សេវាកម្មនេះធ្វើឱ្យខ្ញុំមានអារម្មណ៍ពេញចិត្ត។,Positive,1
958,សេវាកម្មយ៉ាងល្អប្រសើរ។,Positive,1
959,ការបម្រើអតិថិជនយឺតខ្លាំង។,Negative,0
960,ការទិញនៅលើគេហទំព័រមិនងាយស្រួល។,Negative,0
961,ការបម្រើអតិថិជននៅទីនេះគឺល្អឥតខ្ចោះ។,Positive,1
962,ការចាក់សម្លេងមានគុណភាពខ្ពស់។,Positive,1
963,ការសម្តែងនៅលើឆាកមិនអាចទាញយកភ្នែកចេញបាន។,Positive,1
964,ការទិញនៅលើគេហទំព័រមិនងាយស្រួល។,Negative,0
965,សេវាកម្មនេះធ្វើឱ្យខ្ញុំមានអារម្មណ៍ពេញចិត្ត។,Positive,1
966,ការទិញនៅលើគេហទំព័រមិនងាយស្រួល។,Negative,0
967,ការសម្តែងនៅលើឆាកមិនអាចទាញយកភ្នែកចេញបាន។,Positive,1
968,សេវាកម្មយ៉ាងល្អប្រសើរ។,Positive,1
969,សេវាកម្មនេះធ្វើឱ្យខ្ញុំមានអារម្មណ៍ពេញចិត្ត។,Positive,1
970,ភាពយន្តនេះធុញទ្រាន់។,Negative,0
971,ភាពយន្តនេះធុញទ្រាន់។,Negative,0
972,ការបម្រើអតិថិជនយឺតខ្លាំង។,Negative,0
973,បរិយាកាសនៅហាងនេះមិនល្អ។,Negative,0
974,សេវាកម្មយ៉ាងល្អប្រសើរ។,Positive,1
975,ការចាក់សម្លេងមានគុណភាពខ្ពស់។,Positive,1
976,គុណភាពទំនិញល្អណាស់។,Positive,1
977,ការចាក់សម្លេងមានបញ្ហា។,Negative,0
978,សេវាកម្មមិនទាន់បំពេញតាមចិត្តទេ។,Negative,0
979,សេវាកម្មនេះធ្វើឱ្យខ្ញុំខកចិត្ត។,Negative,0
980,ខ្ញុំចូលចិត្តម៉ាកនេះជាពិសេស។,Positive,1
981,ការចាក់សម្លេងមានបញ្ហា។,Negative,0
982,សេវាកម្មមិនទាន់បំពេញតាមចិត្តទេ។,Negative,0
983,បទចម្រៀងនេះឆ្លៀតចិត្ត។,Positive,1
984,សេវាកម្មមិនទាន់បំពេញតាមចិត្តទេ។,Negative,0
985,ភាពយន្តនេះធុញទ្រាន់។,Negative,0
986,បទចម្រៀងនេះមិនមានអារម្មណ៍។,Negative,0
987,សេវាកម្មមិនទាន់បំពេញតាមចិត្តទេ។,Negative,0
988,ខ្ញុំមិនបានទទួលទំនិញតាមពេលកំណត់។,Negative,0
989,ការដឹកជញ្ជូនយឺត។,Negative,0
990,រឿងថ្មីនេះធ្វើឱ្យខ្ញុំខកចិត្ត។,Negative,0
991,ផលិតផលនេះគុណភាពល្អណាស់។,Positive,1
992,គុណភាពទំនិញល្អណាស់។,Positive,1
993,ការដឹកជញ្ជូនយឺត។,Negative,0
994,ភាពយន្តនេះធុញទ្រាន់។,Negative,0
995,គុណភាពទំនិញមិនគួរជឿ។,Negative,0
996,រឿងថ្មីនេះធ្វើឱ្យខ្ញុំខកចិត្ត។,Negative,0
997,បទថ្មីនេះមិនទាក់ចិត្ត។,Negative,0
998,ការដឹកជញ្ជូនលឿនល្អឥតខ្ចោះ។,Positive,1
999,ខ្ញុំបានទទួលទំនិញយ៉ាងឆាប់រហ័ស។,Positive,1
1000,ខ្ញុំមិនបានទទួលទំនិញតាមពេលកំណត់។,Negative,0
1001,រឿងថ្មីនេះធ្វើឱ្យខ្ញុំខកចិត្ត។,Negative,0
1002,រឿងថ្មីនេះល្អឥតខ្ចោះ។,Positive,1
1003,ការទិញនៅលើគេហទំព័រមិនងាយស្រួល។,Negative,0
1004,ការសម្តែងរបស់តារាសម្តែងគួរឱ្យសរសើរ។,Positive,1
1005,ខ្ញុំមិនបានទទួលទំនិញតាមពេលកំណត់។,Negative,0
1006,ការចាក់សម្លេងមានបញ្ហា។,Negative,0
1007,រឿងថ្មីនេះធ្វើឱ្យខ្ញុំខកចិត្ត។,Negative,0
1008,ការចាក់សម្លេងមានបញ្ហា។,Negative,0
1009,រឿងថ្មីនេះធ្វើឱ្យខ្ញុំខកចិត្ត។,Negative,0
1010,ការសម្តែងនៅលើឆាកធុញទ្រាន់។,Negative,0
1011,បទចម្រៀងនេះមិនមានអារម្មណ៍។,Negative,0
1012,ខ្ញុំបានទទួលទំនិញយ៉ាងឆាប់រហ័ស។,Positive,1
1013,សេវាកម្មនេះធ្វើឱ្យខ្ញុំខកចិត្ត។,Negative,0
1014,សេវាកម្មយ៉ាងល្អប្រសើរ។,Positive,1
1015,រឿងថ្មីនេះធ្វើឱ្យខ្ញុំខកចិត្ត។,Negative,0
1016,ខ្ញុំមានបទពិសោធន៍ល្អជាមួយសេវាកម្មនេះ។,Positive,1
1017,ភាពយន្តនេះល្អលើសការរំពឹងទុក។,Positive,1
1018,ខ្ញុំបានទទួលទំនិញយ៉ាងឆាប់រហ័ស។,Positive,1
1019,បទចម្រៀងនេះឆ្លៀតចិត្ត។,Positive,1
1020,សេវាកម្មយ៉ាងល្អប្រសើរ។,Positive,1
1021,បទចម្រៀងនេះប៉ះដល់ចិត្តយ៉ាងខ្លាំង។,Positive,1
1022,រឿងថ្មីនេះធ្វើឱ្យខ្ញុំខកចិត្ត។,Negative,0
1023,ការបម្រើអតិថិជនយឺតខ្លាំង។,Negative,0
1024,ការបម្រើអតិថិជននៅទីនេះគឺល្អឥតខ្ចោះ។,Positive,1
1025,គុណភាពទំនិញល្អណាស់។,Positive,1
1026,ខ្ញុំមិនពេញចិត្តជាមួយបទចម្រៀងនេះ។,Negative,0
1027,បទចម្រៀងនេះឆ្លៀតចិត្ត។,Positive,1
1028,សេវាកម្មនេះធ្វើឱ្យខ្ញុំមានអារម្មណ៍ពេញចិត្ត។,Positive,1
1029,ខ្ញុំមានបទពិសោធន៍អាក្រក់ជាមួយសេវាកម្មនេះ។,Negative,0
1030,ភាពយន្តនេះល្អលើសការរំពឹងទុក។,Positive,1
1031,ខ្ញុំមានបទពិសោធន៍ល្អជាមួយសេវាកម្មនេះ។,Positive,1
1032,រឿងថ្មីនេះធ្វើឱ្យខ្ញុំខកចិត្ត។,Negative,0
1033,ការដឹកជញ្ជូនយឺត។,Negative,0
1034,បទចម្រៀងនេះប៉ះដល់ចិត្តយ៉ាងខ្លាំង។,Positive,1
1035,ការសម្តែងរបស់តារាសម្តែងគួរឱ្យសរសើរ។,Positive,1
1036,ការសម្តែងនៅលើឆាកធុញទ្រាន់។,Negative,0
1037,ការទិញនៅលើគេហទំព័រយ៉ាងងាយស្រួល។,Positive,1
1038,ការទិញនៅលើគេហទំព័រយ៉ាងងាយស្រួល។,Positive,1
1039,ភាពយន្តនេះធុញទ្រាន់។,Negative,0
1040,ភាពយន្តនេះធុញទ្រាន់។,Negative,0
1041,សេវាកម្មនេះធ្វើឱ្យខ្ញុំខកចិត្ត។,Negative,0
1042,បទចម្រៀងនេះប៉ះដល់ចិត្តយ៉ាងខ្លាំង។,Positive,1
1043,ខ្ញុំមិនពេញចិត្តជាមួយបទចម្រៀងនេះ។,Negative,0
1044,សេវាកម្មយ៉ាងល្អប្រសើរ។,Positive,1
1045,បទចម្រៀងនេះមិនល្អ។,Negative,0
1046,បទចម្រៀងនេះប៉ះដល់ចិត្តយ៉ាងខ្លាំង។,Positive,1
1047,ខ្ញុំមិនបានទទួលទំនិញតាមពេលកំណត់។,Negative,0
1048,ការបម្រើអតិថិជនយឺតខ្លាំង។,Negative,0
1049,រឿងថ្មីនេះល្អឥតខ្ចោះ។,Positive,1
1050,ខ្ញុំមានបទពិសោធន៍អាក្រក់ជាមួយសេវាកម្មនេះ។,Negative,0
1051,ការទិញនៅលើគេហទំព័រយ៉ាងងាយស្រួល។,Positive,1
1052,ខ្ញុំមានបទពិសោធន៍អាក្រក់ជាមួយសេវាកម្មនេះ។,Negative,0
1053,ភាពយន្តនេះល្អលើសការរំពឹងទុក។,Positive,1
1054,បរិយាកាសនៅហាងនេះល្អឥតខ្ចោះ។,Positive,1
1055,ការសម្តែងនៅលើឆាកមិនអាចទាញយកភ្នែកចេញបាន។,Positive,1
1056,បទថ្មីនេះមិនទាក់ចិត្ត។,Negative,0
1057,បទចម្រៀងនេះមិនល្អ។,Negative,0
1058,ភាពយន្តនេះធុញទ្រាន់។,Negative,0
1059,ផលិតផលនេះគុណភាពទាប។,Negative,0
1060,សេវាកម្មនេះធ្វើឱ្យខ្ញុំមានអារម្មណ៍ពេញចិត្ត។,Positive,1
1061,ការដឹកជញ្ជូនយឺត។,Negative,0
1062,បទថ្មីនេះមានទាស់។,Positive,1
1063,ការសម្តែងរបស់តារាសម្តែងគ្មានគុណភាព។,Negative,0
1064,ការដឹកជញ្ជូនយឺត។,Negative,0
1065,ការសម្តែងនៅលើឆាកធុញទ្រាន់។,Negative,0
1066,គុណភាពទំនិញល្អណាស់។,Positive,1
1067,ការទិញនៅលើគេហទំព័រយ៉ាងងាយស្រួល។,Positive,1
1068,បទថ្មីនេះមានទាស់។,Positive,1
1069,ភាពយន្តនេះធុញទ្រាន់។,Negative,0
1070,បទចម្រៀងនេះមិនល្អ។,Negative,0
1071,ការបម្រើអតិថិជននៅទីនេះគឺល្អឥតខ្ចោះ។,Positive,1
1072,បទចម្រៀងនេះឆ្លៀតចិត្ត។,Positive,1
1073,ខ្ញុំមានបទពិសោធន៍អាក្រក់ជាមួយសេវាកម្មនេះ។,Negative,0
1074,ខ្ញុំមិនពេញចិត្តជាមួយបទចម្រៀងនេះ។,Negative,0
1075,បទចម្រៀងនេះមិនមានអារម្មណ៍។,Negative,0
1076,ការទិញនៅលើគេហទំព័រមិនងាយស្រួល។,Negative,0
1077,ការសម្តែងរបស់តារាសម្តែងគួរឱ្យសរសើរ។,Positive,1
1078,ភាពយន្តនេះធុញទ្រាន់។,Negative,0
1079,បរិយាកាសនៅហាងនេះល្អឥតខ្ចោះ។,Positive,1
1080,ខ្ញុំមិនពេញចិត្តជាមួយបទចម្រៀងនេះ។,Negative,0
1081,ការចាក់សម្លេងមានគុណភាពខ្ពស់។,Positive,1
1082,ខ្ញុំមិនបានទទួលទំនិញតាមពេលកំណត់។,Negative,0
1083,ខ្ញុំមានបទពិសោធន៍អាក្រក់ជាមួយសេវាកម្មនេះ។,Negative,0
1084,ការសម្តែងរបស់តារាសម្តែងគួរឱ្យសរសើរ។,Positive,1
1085,បទថ្មីនេះមានទាស់។,Positive,1
1086,ខ្ញុំចូលចិត្តម៉ាកនេះជាពិសេស។,Positive,1
1087,ការសម្តែងនៅលើឆាកធុញទ្រាន់។,Negative,0
1088,ភាពយន្តនេះធុញទ្រាន់។,Negative,0
1089,សេវាកម្មនេះធ្វើឱ្យខ្ញុំមានអារម្មណ៍ពេញចិត្ត។,Positive,1
1090,ខ្ញុំពិតជាផ្អែមល្ហែមជាមួយបទចម្រៀងថ្មីនេះ។,Positive,1
1091,ខ្ញុំចូលចិត្តម៉ាកនេះជាពិសេស។,Positive,1
1092,ភាពយន្តនេះធុញទ្រាន់។,Negative,0
1093,គុណភាពទំនិញល្អណាស់។,Positive,1
1094,ផលិតផលនេះគុណភាពល្អណាស់។,Positive,1
1095,ផលិតផលនេះគុណភាពទាប។,Negative,0
1096,ការបម្រើអតិថិជនយឺតខ្លាំង។,Negative,0
1097,ការទិញនៅលើគេហទំព័រមិនងាយស្រួល។,Negative,0
1098,រឿងថ្មីនេះធ្វើឱ្យខ្ញុំខកចិត្ត។,Negative,0
1099,ផលិតផលនេះគុណភាពទាប។,Negative,0
1100,ការចាក់សម្លេងមានគុណភាពខ្ពស់។,Positive,1
1101,បទចម្រៀងនេះឆ្លៀតចិត្ត។,Positive,1
1102,ខ្ញុំពិតជាផ្អែមល្ហែមជាមួយបទចម្រៀងថ្មីនេះ។,Positive,1
1103,បទចម្រៀងនេះមិនល្អ។,Negative,0
1104,ខ្ញុំមានបទពិសោធន៍អាក្រក់ជាមួយសេវាកម្មនេះ។,Negative,0
1105,ខ្ញុំបានទទួលទំនិញយ៉ាងឆាប់រហ័ស។,Positive,1
1106,ការទិញនៅលើគេហទំព័រយ៉ាងងាយស្រួល។,Positive,1
1107,ការសម្តែងនៅលើឆាកមិនអាចទាញយកភ្នែកចេញបាន។,Positive,1
1108,ខ្ញុំមិនបានទទួលទំនិញតាមពេលកំណត់។,Negative,0
1109,រឿងថ្មីនេះល្អឥតខ្ចោះ។,Positive,1
1110,បទថ្មីនេះមានទាស់។,Positive,1
1111,ការសម្តែងនៅលើឆាកមិនអាចទាញយកភ្នែកចេញបាន។,Positive,1
1112,សេវាកម្មនេះធ្វើឱ្យខ្ញុំខកចិត្ត។,Negative,0
1113,ការចាក់សម្លេងមានគុណភាពខ្ពស់។,Positive,1
1114,បទចម្រៀងនេះឆ្លៀតចិត្ត។,Positive,1
1115,ការដឹកជញ្ជូនលឿនល្អឥតខ្ចោះ។,Positive,1
1116,ការសម្តែងរបស់តារាសម្តែងគួរឱ្យសរសើរ។,Positive,1
1117,ការសម្តែងរបស់តារាសម្តែងគ្មានគុណភាព។,Negative,0
1118,ការបម្រើអតិថិជននៅទីនេះគឺល្អឥតខ្ចោះ។,Positive,1
1119,បទចម្រៀងនេះប៉ះដល់ចិត្តយ៉ាងខ្លាំង។,Positive,1
1120,បទថ្មីនេះមិនទាក់ចិត្ត។,Negative,0
1121,ការបម្រើអតិថិជនយឺតខ្លាំង។,Negative,0
1122,ម៉ាកនេះមិនគួរជឿទុកចិត្ត។,Negative,0
1123,បទចម្រៀងនេះឆ្លៀតចិត្ត។,Positive,1
1124,ខ្ញុំមានបទពិសោធន៍អាក្រក់ជាមួយសេវាកម្មនេះ។,Negative,0
1125,ការសម្តែងនៅលើឆាកមិនអាចទាញយកភ្នែកចេញបាន។,Positive,1
1126,ខ្ញុំមានបទពិសោធន៍ល្អជាមួយសេវាកម្មនេះ។,Positive,1
1127,ភាពយន្តនេះធុញទ្រាន់។,Negative,0
1128,ខ្ញុំចូលចិត្តម៉ាកនេះជាពិសេស។,Positive,1
1129,បទថ្មីនេះមានទាស់។,Positive,1
1130,បទចម្រៀងនេះឆ្លៀតចិត្ត។,Positive,1
1131,ការសម្តែងរបស់តារាសម្តែងគ្មានគុណភាព។,Negative,0
1132,សេវាកម្មមិនទាន់បំពេញតាមចិត្តទេ។,Negative,0
1133,រឿងថ្មីនេះល្អឥតខ្ចោះ។,Positive,1
1134,អរគុណដែរនៅចាំខ្ញុំ,Positive,
1135,ចូលចិត្តស្តាប់សំលេងគាត់,Positive,
1136,គ្រប់យ៉ាងបងជាអ្នកខុសដែលធ្វើឲ្យបាត់បង់អូន,Negative,
1137,ជូនពរអូននឹងគេឲ្យមានក្ដីសុខ,Positive,
1138,ហេតុអ្វីយេីងបែកគ្នា​,Negative,
1139,អាចមករកបងវិញបានណា,Positive,
1140,បងនៅរង់ចាំអ្នកគ្រប់ពេលវេលា,Positive,
1141,រង់ចាំយូរហេីយ,Positive,
1142,បងច្រៀងពិរោះណាស់,Positive,
1143,គាំទ្របងពេញបេះដូង,Positive,
1144,ស្រលាញ់សម្លេងបងគាំទ្របងខ្លាំងណាស់,Positive,
1145,សំឡេងអាយដលពីរោះណាស់,Positive,
1146,មុិចក៍កាត់ចឹង,Negative,
1147,ពិរោះណាស់បង,Positive,
1148,មនោសញ្ចេតនា​ខ្លាំង,Positive,
1149,ត្រូវរឿងញុមណាស់,Positive,
1150,បាត់ខ្ញុំត្រឹមតែមួយសន្ទុះ,Negative,
1151,ឆេះកាសខ្ញុំអស់ហើយមួយបទនេះ,Negative,
1152,ខំធ្វេីគ្រប់យ៉ាងដេីម្ម្បីគេ,Negative,
1153,អ្នកនៅអោបអនុស្សាវរីយ៍,Negative,
1154,មិនទម្លាប់នៅម្នាក់ឯងទេ,Negative,
1155,រឿងស្នេហាខ្ញុំ តស៊ូ៧ឆ្នាំមកហើយ ចុងក្រោយ បែកដោយគ្មានន័យ វាពិតជាឈឺចាប់ណាស់,Negative,
1156,វាស្ដែងៗពេក ខ្ញុំឃើញភ្លាមៗស្ទើរគាំងបេះដូងស្លាប់ អ្នកអស្ចារ្យណាស់,Negative,
1157,អ្នកសុខចិត្តឱ្យខ្ញុំឃើញអ្នកបណ្ដើរគ្នាផ្ទាល់នឹងភ្នែក,Negative,
1158,បើចង់ចាកចេញប្រាប់មួយម៉ាត់ក៏អស់ចិត្ត,Negative,
1159,ចង់បានតែចង់បោះបង់,Negative,
1160,ចេញមកអែមម៉ងបង,Positive,
1161,អាយដលញុមពេលចេញមកម្តងណា,Positive,
1162,កន្លែងតែមួយនឹងបទ ១ណា?,Negative,
1163,ពីរោះម៉េសទេ,Positive,
1164,ចេញមកមួយបទៗ អេមជាខ្លាំង,Positive,
1165,នៅសល់តែសំឡេងនឹងរូបថត,Negative,
1166,នឹកបងណាស់,Positive,
1167,ស្ដាយណាស់មនុស្សល្អទៅលឿនមេស,Negative,
1168,សល់តែសំឡេង,Negative,
1169,ស្រុកគេតារាស្លាប់ដោយសារស្លាប់ច្រើនតែជម្ងឺ តែស្រុកខ្ញុំដោយសារចរាចរណ៍,Negative,
1170,ស្ដាយណាស់បងអើយ,Negative,
1171,សោកស្ដាយ,Negative,
1172,មិនគួរទៅចោលពួកខ្ញំសោះ,Negative,
1173,ស្រណោះហាស់,Negative,
1174,ពេញចិត្តស្ដាយណាស់,Negative,
1175,មិនគួរណាអាយុវខ្លីសោះប្អូនប្រុស,Negative,
1176,អាណិតគាត់ណាស់គាតសង្ហាណាស់,Negative,
1177,សល់តែសំឡេងបាត់មនុស្សហើយ,Negative,
1178,ស្ដាយគាត់ណាស់មិចគួរណាបាត់បង់គាត់ទេ,Negative,
1179,នៅសល់តែអនុសារីដែបានបន្សល់ទុក,Negative,
1180,ស្ដាយណាស់មនុស្សល្អ,Negative,
1181,លឺតែសំឡេងនិងរូបថត,Negative,
1182,ស្ដាយគាត់ណាស់មិនគួរមានរឿងចឹងសោះ,Negative,
1183,ម្នាក់ៗចឹងបានខំមាំហា៎អាញើខ្ពើមចុយម្រាយហើយហា៎ពេលគេនៅរស់មិនខំចឹងផង,Negative,
1184,សល់តែសំលេងបាត់រូបហើយស្ដាយណាស់បង,Negative,
1185,ល្អក៏ល្អស្លូវក៏ស្លូតមិនគួចឹងទេបងប្រុស,Negative,
1186,សេាកស្ដាយណាស់,Negative,
1187,និយាយតាមត្រង់ ខ្ញុំមិនសូវចូលចិត្ត បទរ៉េបទេ,Negative,
1188,ស្តាប់ជក់ចិត្តណាស់,positive,
1189,ជូនពរបងជោគជ័យ,Positive,
1190,ពិរោះខ្លាំងណាស់ សំខាន់សំលេងច្បាស់ ធ្ងន់ ងំន័យជ្រៅហ្មង,Positive,
1191,បទនេះល្អណាស់ អត្តន័យជ្រៅ ស្ដាប់ច្រើនដងមិនធុញសោះ,Positive,
1192,ភ្លេងនិងពាក្យពេជន៍ស៊ីគ្នាល្អណាស់,Positive,
1193,បើគាត់នៅតែបន្ដលំហូរសាច់ភ្លេង ឃ្លាចុងចួន ពាក្យល្អៗបែបនេះគាត់១០០%នឹងបានពាន,Positive,
1194,អត់ស្អាតហើយឲ្យកញ្ចក់ទៀត,Negative,
1195,មានអ្នកចូលមើលច្រើនណាស់,Positive,
1196,ជូនពរជោគជ័យ សំឡេងល្អណាស់,Positive,
1197,រ៉េបបានល្អណាស់,Positive,
1198,តូចតែខ្លាំង,Positive,
1199,បងខេស៊ីខ្លាំង,Positive,
1200,ឡូយឡូយ,Positive,
1201,តូចទាបតែខ្លឹម រ៉េមមួយឃ្លាៗ ឆួលសាហាវ,Positive,
1202,មើលឡើង១០ហើយ នៅតែល្អមើលហើយឡូយអស់ទាស់,Positive,
1203,អេមណាស់តូចតែពាក្យអេម,Positive,
1204,ស្រឡាញ់គូរមួយនេះណាស់,Positive,
1205,គូនេះល្អមើលណាស់,Positive,
1206,សម្លេងនិងការរ៉េបឡើងអេម,Positive,
1207,ឡូយណាស់បង,Positive,
1208,ខ្ញុំចាប់អារម្មណ៍គូរនេះណាស់,Positive,
1209,ពិបាកក្នុងការសម្រេចចិត្តខ្លាំងណាស់,Negative,
1210,រេបឡូយណាស់មិនគួធ្លាក់ទេ,Negative,
1211,រ៉េបបានល្អណាស់,Positive,
1212,ឡូយណាស់អ៊ីមី,Positive,
1213,មួយគូនេះខ្លាំងមែន,Positive,
1214,រ៉េបល្អទាំងអស់,Positive,
1215,អេមខ្លាំងណាស់,Positive,
1216,ឡូយណាស់ប្អូនៗ,Positive,
1217,កាយវិការបែកៗមិចទេ,Negative,
1218,អ្នកអាចធ្វើបានល្អ,Positive,
1219,នេះហេីយទុំមពាំងស្នងឬស្សីយ,Positive,
1220,ម៉េចចាញ់អ្នកកំប្លែង ចឹង,Negative,
1221,វែតវែតម៉ែហែង,Negative,
1222,សំលេងអន់ទាំងពី ពិសេស អាវែនតាខ្មៅ សុំលេងដូចអាចម៏,Negative,
1223,ញុំមចូលចឹត្តិខ្លាំង់ណាស់អាបៀបឌីដងគ្នារចឹង,Positive,
1224,សិស្សពូកែគីមី,Positive,
1225,ទម្លាក់អានាក់ក្រុងដាក់កំសៀវតែហើយដាក់ឈ្មោះអោយវាហៅថាមាត់ឆ្កែរ,Negative,
1226,វាទើសអីនិងនាក់ស្រែ,Negative,
1227,មាននិស្ស័យយើងជួបគ្នាម្ដងទៀត,Positive,
1228,កំសត់ពេកតែក៏ពិរោះដែរ,Positive,
1229,បទចំរៀងហ្នឹងកំសត់ណាស់បង,Negative,
1230,ការស្តាប់ធ្វើអោយបេះដូងខ្ញុំស្រក់ ,Negative,
1231,មានន័យហើយឈឺចាប់ខ្លាំងណាស់,Negative,
1232,ស្តាប់ហើយនឹកអ្នកច្រៀងណាស់,Positive,
1233,សែនឈឺចាប់,Negative,
1234,ពិរោះណាស់ដូចរឿងញុមចឹង,Positive,
1235,ស្ដាប់ពេលណាយំពេលនឹង,Negative,
1236,ខាងប្រុសសំលេងទ្បូយមេស,Positive,
1237,ខាងស្រីគួរឲស្រលាញ់,Positive,
1238,ការ​ពិត! អាងតែ​គេ​ស្រឡាញ់​ ចឹងហើយ,Positive,
1239,បងពីរនាក់សមគ្នាណាស់,Positive,
1240,ឡូយអស់ទាស់ហ្មង,Positive,
1241,ស្តាប់ហើយដេកញញឹមម្នាក់ឯង,Positive,
1242,ចម្រៀងរូបនេះធ្វើឲ្យខ្ញុំមានអារម្មណ៍ស្រឡាញ់ពេក,Positive,
1243,សំឡេងច្រៀងរបស់អ្នកស្រស់ស្អាតច្នៃលុយណាស់,Negative,
1244,ពាក្យចម្រៀងនេះផ្ទុះអារម្មណ៍អស់ចិត្ត,Negative,
1245,ដំណង់ច្រៀងរបស់អ្នកធ្វើឲ្យខ្ញុំស្ងប់ស្ងាត់,Positive,
1246,ច្រៀងរបស់អ្នកមិនអាចដាក់ស្ដាំចិត្តបានទេ,Negative,
1247,បទចម្រៀងនេះក្លាយជាទំនុកចិត្តរបស់ខ្ញុំ,Positive,
1248,សម្លេងច្រៀងរបស់អ្នកចំណាស់ពេក,Negative,
1249,ពាក្យចម្រៀងធ្វើឲ្យខ្ញុំទទួលអារម្មណ៍ចោល,Negative,
1250,ច្រៀងរបស់អ្នកព្រួសថ្លៃទេ,Positive,
1251,បទចម្រៀងនេះបង្ហាញអារម្មណ៍ស្នេហាកាន់តែច្រើន,Positive,
1252,សម្លេងច្រៀងរបស់អ្នកមិនគួរឲ្យត្រូវបានគេចូលចិត្ត,Negative,
1253,សម្លេងច្រៀងរបស់អ្នកមិនគួរឲ្យត្រូវបានគេចូលចិត្ត,Negative ,
1254,ច្រៀងរបស់អ្នកមិនបានស្រស់ស្អាតដូចការជិះចង់,Negative ,
1255,ចម្រៀងរបស់អ្នកស្រស់ស្អាតណាស់,Positive ,
1256,សម្លេងរបស់អ្នកធ្វើឲ្យខ្ញុំទាន់សម័យ,Positive,
1257,បទចម្រៀងនេះអាចស៊ិចស៊ីបាន,Negative,
1258,ច្រៀងរបស់អ្នកស្ថានភាពជាច្រៀងខ្នាតតូច,Negative ,
1259,ច្រៀងរបស់អ្នកធ្វើឲ្យខ្ញុំស្មេរពេក,Negative ,
1260,ពាក្យចម្រៀងនេះមានអារម្មណ៍ដែលផ្ទុះមកសព្វថ្ងៃ,Negative,
1261,ច្រៀងរបស់អ្នកសមស្របចិត្តខ្ញុំណាស់,Positive,
1262,សំឡេងច្រៀងរបស់អ្នកពេញនិយមទៀត,Positive,
1263,បទចម្រៀងនេះមានអារម្មណ៍ស្រស់ស្អាត,Negative,
1264,សម្លេងច្រៀងរបស់អ្នកមិនដូចច្រៀងទេ,Negative,
1265,ច្រៀងរបស់អ្នកស្រស់ស្អាតពេក,Negative,
1266,បទចម្រៀងនេះអាចត្រូវបានក៏ច្បាស់,Positive,
1267,សំឡេងច្រៀងរបស់អ្នកមិនស្រស់ទេ,Negative ,
1268,ពាក្យចម្រៀងរបស់អ្នកមានអារម្មណ៍ចិត្តមិនដូចចំរៀងគេ,Negative ,
1269,ចម្រៀងរបស់អ្នកធ្វើឲ្យខ្ញុំស្មោះចិត្ត,Positive ,
1270,សម្លេងច្រៀងរបស់អ្នកមិនស្រស់ស្អាតដូចគេ,Negative,
1271,បទចម្រៀងនេះធ្វើឲ្យខ្ញុំមានអារម្មណ៍ចោល,Negative,
1272,ច្រៀងរបស់អ្នកចាក់អារម្មណ៍ឲ្យខ្ញុំចាប់ចិត្ត,Positive ,
1273,ច្រៀងរបស់អ្នកធ្វើឲ្យខ្ញុំមានស្ថានភាពស្អុយ,Positive,
1274,សំឡេងច្រៀងរបស់អ្នកធ្វើឲ្យខ្ញុំមានអារម្មណ៍ស្រឡាញ់,Negative,
1275,បទចម្រៀងនេះក្លាយជាទំនុកចិត្តរបស់ខ្ញុំ,Negative,
1276,សម្លេងច្រៀងរបស់អ្នកចំណាស់ពេក,Negative,
1277,ពាក្យចម្រៀងធ្វើឲ្យខ្ញុំទទួលអារម្មណ៍ចោល,Negative,
1278,ច្រៀងរបស់អ្នកអាចស៊ិចស៊ីបាន,Negative,
1279,ច្រៀងរបស់អ្នកព្រួសថ្លៃទេ,Negative,
1280,បទចម្រៀងនេះបង្ហាញអារម្មណ៍ស្នេហាកាន់តែច្រើន,Positive,
1281,សម្លេងច្រៀងរបស់អ្នកមិនគួរឲ្យត្រូវបានគេចូលចិត្ត,Negative,
1282,ច្រៀងរបស់អ្នកមិនបានស្រស់ស្អាតដូចការជិះចង់,Negative,
1283,ពាក្យចម្រៀងរបស់អ្នកប៉ុន្មានសន្លឹកតែពិបាកដូចងាយ,Negative,
1284,ច្រៀងរបស់អ្នកស្រស់ស្អាតណាស់,Positive,
1285,សម្លេងរបស់អ្នកធ្វើឲ្យខ្ញុំទាន់សម័យ,Positive,
1286,បទចម្រៀងនេះអាចស៊ិចស៊ីបាន,Negative,
1287,ច្រៀងរបស់អ្នកស្ថានភាពជាច្រៀងខ្នាតតូច,Negative,
1288,ច្រៀងរបស់អ្នកធ្វើឲ្យខ្ញុំស្មេរពេក,Negative,
1289,ពាក្យចម្រៀងនេះមានអារម្មណ៍ដែលផ្ទុះមកសព្វថ្ងៃ,Positive,
1290,ច្រៀងរបស់អ្នកសមស្របចិត្តខ្ញុំណាស់,Positive,
1291,សំឡេងច្រៀងរបស់អ្នកពេញនិយមទៀត,Positive,
1292,បទចម្រៀងនេះមានអារម្មណ៍ស្រស់ស្អាត,Negative,
1293,សម្លេងច្រៀងរបស់អ្នកមិនដូចច្រៀងទេ,Negative,
1294,ច្រៀងរបស់អ្នកស្រស់ស្អាតពេក,Negative,
1295,បទច្រៀងនេះអាចត្រូវបានក៏ច្បាស់,Positive,
1296,សំឡេងច្រៀងរបស់អ្នកមិនស្រស់ទេ,Negative,
1297,ពាក្យចម្រៀងរបស់អ្នកមានអារម្មណ៍ចិត្តមិនដូចចំរៀងគេ,Negative,
1298,ចម្រៀងរបស់អ្នកធ្វើឲ្យខ្ញុំស្មោះចិត្ត,Positive ,
1299,សម្លេងច្រៀងរបស់អ្នកមិនស្រស់ស្អាតដូចគេ,Negative,
1300,បទចម្រៀងនេះធ្វើឲ្យខ្ញុំមានអារម្មណ៍ចោល,Negative,
1301,ច្រៀងរបស់អ្នកធ្វើឲ្យខ្ញុំមានស្ថានភាពស្អុយ,Negative,
1302,ចម្រៀងរបស់អ្នកមានអារម្មណ៍ស្រស់ស្អាតណាស់  ,Negative,
1303,សំឡេងច្រៀងរបស់អ្នកធ្វើឲ្យខ្ញុំសប្បាយចិត្ត  ,Positive ,
1304,បទចម្រៀងនេះបង្ហាញអារម្មណ៍ខ្លាំង  ,positive,
1305,ច្រៀងរបស់អ្នកធ្វើឲ្យខ្ញុំមានអារម្មណ៍ចូលចិត្ត  ,Positive ,
1306,សំឡេងច្រៀងរបស់អ្នកក្លាយជាទំនុកចិត្ត  ,Positive,
1307,បទចម្រៀងនេះមានស្នេហាកាន់តែច្រើន  ,Positive ,
1308,ច្រៀងរបស់អ្នកស្រស់ស្អាតណាស់  ,Negative ,
1309,សំឡេងច្រៀងរបស់អ្នកមានស្ទីលពិសេស  ,Positive,
1310,បទចម្រៀងនេះពិតជាអស្ចារ្យ  ,Positive,
1311,ច្រៀងរបស់អ្នកធ្វើឲ្យខ្ញុំស្រឡាញ់  ,Positive,
1312,សំឡេងច្រៀងរបស់អ្នកកាន់តែកក់ក្ដៅ  ,Positive,
1313,បទចម្រៀងនេះអស្ចារ្យពេក  ,Negative,
1314,ច្រៀងរបស់អ្នកស្រស់ស្អាតដូចកញ្ចក់  ,Negative,
1315,សំឡេងច្រៀងរបស់អ្នកពេញនិយម  ,Positive,
1316,បទចម្រៀងនេះមានអារម្មណ៍ចិត្ត  ,Negative ,
1317,ច្រៀងរបស់អ្នកធ្វើឲ្យខ្ញុំមានចិត្តស្ងួត  ,Negative ,
1318,សំឡេងច្រៀងរបស់អ្នកកាន់តែទាន់សម័យ  ,Positive ,
1319,បទចម្រៀងនេះមានការច្រៀងអស្ចារ្យ  ,Positive ,
1320,ច្រៀងរបស់អ្នកធ្វើឲ្យខ្ញុំស្រឡាញ់  ,Positive ,
1321,សំឡេងច្រៀងរបស់អ្នកមានភាពស្រស់ស្អាត  ,Negative ,
1322,បទចម្រៀងនេះអាចដាក់ចិត្តបាន  ,positive,
1323,ច្រៀងរបស់អ្នកធ្វើឲ្យខ្ញុំមានស្ថានភាពពេញចិត្ត  ,Positive,
1324,សំឡេងច្រៀងរបស់អ្នកធ្វើឲ្យខ្ញុំមានអារម្មណ៍ស្រស់ស្អាត  ,Positive,
1325,បទចម្រៀងនេះអស្ចារ្យពេក  ,Negative,
1326,ច្រៀងរបស់អ្នកធ្វើឲ្យខ្ញុំស្រឡាញ់  ,Positive,
1327,សំឡេងច្រៀងរបស់អ្នកកាន់តែមានភាពល្អ  ,Negative,
1328,បទចម្រៀងនេះមានសំណិទ្ធិពិត  ,Negative,
1329,ច្រៀងរបស់អ្នកធ្វើឲ្យខ្ញុំមានអារម្មណ៍ស្អុយ  ,Negative,
1330,សំឡេងច្រៀងរបស់អ្នកមានភាពត្រឹមត្រូវ  ,Positive ,
1331,បទចម្រៀងនេះអាចពេញចិត្ត  ,Positive,
1332,ច្រៀងរបស់អ្នកធ្វើឲ្យខ្ញុំមានអារម្មណ៍ស្រស់ស្អាត  ,Negative,
1333,សំឡេងច្រៀងរបស់អ្នកមានភាពកក់ក្ដៅ  ,Negative,
1334,បទចម្រៀងនេះមានការច្រៀងអស្ចារ្យ  ,Positive,
1335,ច្រៀងរបស់អ្នកធ្វើឲ្យខ្ញុំមានចិត្តស្ងួត  ,Negative,
1336,សំឡេងច្រៀងរបស់អ្នកកាន់តែស្រស់ស្អាត  ,Negative,
1337,បទចម្រៀងនេះមានអារម្មណ៍ចិត្ត  ,Positive,
1338,ច្រៀងរបស់អ្នកធ្វើឲ្យខ្ញុំស្រឡាញ់  ,Positive,
1339,សំឡេងច្រៀងរបស់អ្នកមានស្ទីលពិសេស  ,Positive,
1340,បទចម្រៀងនេះពិតជាអស្ចារ្យ  ,positive,
1341,ច្រៀងរបស់អ្នកធ្វើឲ្យខ្ញុំស្រឡាញ់  ,Positive,
1342,សំឡេងច្រៀងរបស់អ្នកកាន់តែទាន់សម័យ  ,Positive,
1343,បទចម្រៀងនេះមានការច្រៀងអស្ចារ្យ  ,Positive,
1344,ច្រៀងរបស់អ្នកធ្វើឲ្យខ្ញុំស្រឡាញ់  ,Positive,
1345,សំឡេងច្រៀងរបស់អ្នកមានភាពស្រស់ស្អាត  ,Negative,
1346,បទចម្រៀងនេះអាចដាក់ចិត្តបាន  ,Positive ,
1347,ច្រៀងរបស់អ្នកធ្វើឲ្យខ្ញុំមានស្ថានភាពពេញចិត្ត  ,Positive ,
1348,សំឡេងច្រៀងរបស់អ្នកធ្វើឲ្យខ្ញុំមានអារម្មណ៍ស្រស់ស្អាត  ,Negative,
1349,បទចម្រៀងនេះអស្ចារ្យពេក  ,Negative,
1350,ច្រៀងរបស់អ្នកធ្វើឲ្យខ្ញុំស្រឡាញ់  ,Positive ,
1351,សំឡេងច្រៀងរបស់អ្នកកាន់តែមានភាពល្អ  ,Positive ,
1352,បទចម្រៀងនេះមានសំណិទ្ធិពិត  ,Negative,
1353,ច្រៀងរបស់អ្នកធ្វើឲ្យខ្ញុំមានអារម្មណ៍ស្អុយ  ,Negative,
1354,សំឡេងច្រៀងរបស់អ្នកមានភាពត្រឹមត្រូវ  ,Positive ,
1355,បទចម្រៀងនេះអាចពេញចិត្ត  ,Positive ,
1356,ច្រៀងរបស់អ្នកធ្វើឲ្យខ្ញុំមានអារម្មណ៍ស្រស់ស្អាត  ,Positive,
1357,សំឡេងច្រៀងរបស់អ្នកមានភាពកក់ក្ដៅ  ,Positive,
1358,បទចម្រៀងនេះមានការច្រៀងអស្ចារ្យ  ,Negative,
1359,ច្រៀងរបស់អ្នកមានអារម្មណ៍ស្រស់ស្អាតណាស់,Positive,
1360,បទចម្រៀងនេះធ្វើឲ្យខ្ញុំមានចិត្តស្ងួត,Negative,
1361,សំឡេងច្រៀងរបស់អ្នកធ្វើឲ្យខ្ញុំសប្បាយចិត្ត,Positive,
1362,បទចម្រៀងនេះមានអារម្មណ៍ខ្លាំង,Positive,
1363,ច្រៀងរបស់អ្នកធ្វើឲ្យខ្ញុំទំនួលចិត្ត,Positive,
1364,បទចម្រៀងនេះក្លាយជាទំនុកចិត្តរបស់ខ្ញុំ,Positive,
1365,សម្លេងច្រៀងរបស់អ្នកពេញនិយម,Positive,
1366,ច្រៀងរបស់អ្នកធ្វើឲ្យខ្ញុំស្រឡាញ់,Positive ,
1367,សំឡេងច្រៀងរបស់អ្នកមានស្ទីលពិសេស,Positive ,
1368,បទចម្រៀងនេះពិតជាអស្ចារ្យ,Positive ,
1369,ច្រៀងរបស់អ្នកធ្វើឲ្យខ្ញុំស្រឡាញ់,Positive ,
1370,សំឡេងច្រៀងរបស់អ្នកមានភាពស្រស់ស្អាត,Positive ,
1371,បទចម្រៀងនេះអាចដាក់ចិត្តបាន,Positive ,
1372,ច្រៀងរបស់អ្នកធ្វើឲ្យខ្ញុំមានស្ថានភាពពេញចិត្ត,Positive ,
1373,សំឡេងច្រៀងរបស់អ្នកធ្វើឲ្យខ្ញុំមានអារម្មណ៍ស្រស់ស្អាត,Positive,
1374,បទចម្រៀងនេះអស្ចារ្យពេក,Positive,
1375,ច្រៀងរបស់អ្នកធ្វើឲ្យខ្ញុំស្រឡាញ់,Negative ,
1376,សំឡេងច្រៀងរបស់អ្នកកាន់តែទាន់សម័យ,Positive,
1377,បទចម្រៀងនេះមានការច្រៀងអស្ចារ្យ,Positive ,
1378,ច្រៀងរបស់អ្នកធ្វើឲ្យខ្ញុំស្រឡាញ់,Positive ,
1379,សំឡេងច្រៀងរបស់អ្នកមានភាពកក់ក្ដៅ,Positive ,
1380,បទចម្រៀងនេះមានសំណិទ្ធិពិត,Positive ,
1381,ច្រៀងរបស់អ្នកធ្វើឲ្យខ្ញុំមានអារម្មណ៍ស្អុយ,Negative,
1382,សំឡេងច្រៀងរបស់អ្នកមានភាពត្រឹមត្រូវ,Positive,
1383,បទចម្រៀងនេះអាចពេញចិត្ត,Positive,
1384,ច្រៀងរបស់អ្នកធ្វើឲ្យខ្ញុំមានអារម្មណ៍ស្រស់ស្អាត,Positive,
1385,សំឡេងច្រៀងរបស់អ្នកមានភាពកក់ក្ដៅ,Positive,
1386,បទចម្រៀងនេះមានការច្រៀងអស្ចារ្យ,Positive ,
1387,ច្រៀងរបស់អ្នកធ្វើឲ្យខ្ញុំមានចិត្តស្ងួត,Positive,
1388,សំឡេងច្រៀងរបស់អ្នកកាន់តែស្រស់ស្អាត,Positive ,
1389,បទចម្រៀងនេះមានអារម្មណ៍ចិត្ត,Negative,
1390,ច្រៀងរបស់អ្នកធ្វើឲ្យខ្ញុំស្រឡាញ់,Positive ,
1391,សំឡេងច្រៀងរបស់អ្នកមានស្ទីលពិសេស,Positive,
1392,បទចម្រៀងនេះពិតជាអស្ចារ្យ,Positive,
1393,ច្រៀងរបស់អ្នកធ្វើឲ្យខ្ញុំស្រឡាញ់,Positive,
1394,សំឡេងច្រៀងរបស់អ្នកកាន់តែទាន់សម័យ,Positive,
1395,បទចម្រៀងនេះមានការច្រៀងអស្ចារ្យ,Positive ,
1396,ច្រៀងរបស់អ្នកធ្វើឲ្យខ្ញុំស្រឡាញ់,Positive ,
1397,សំឡេងច្រៀងរបស់អ្នកមានភាពស្រស់ស្អាត,Positive ,
1398,បទចម្រៀងនេះអាចដាក់ចិត្តបាន,Positive ,
1399,ច្រៀងរបស់អ្នកធ្វើឲ្យខ្ញុំមានស្ថានភាពពេញចិត្ត,Positive ,
1400,សំឡេងច្រៀងរបស់អ្នកធ្វើឲ្យខ្ញុំមានអារម្មណ៍ស្រស់ស្អាត,Positive ,
1401,បទចម្រៀងនេះអស្ចារ្យពេក,Negative,
1402,ច្រៀងរបស់អ្នកធ្វើឲ្យខ្ញុំស្រឡាញ់,Positive ,
1403,សំឡេងច្រៀងរបស់អ្នកកាន់តែមានភាពល្អ,Positive ,
1404,បទចម្រៀងនេះមានសំណិទ្ធិពិត,Positive ,
1405,ច្រៀងរបស់អ្នកធ្វើឲ្យខ្ញុំមានអារម្មណ៍ស្អុយ,Negative ,
1406,សំឡេងច្រៀងរបស់អ្នកមានភាពត្រឹមត្រូវ,Positive,
1407,បទចម្រៀងនេះអាចពេញចិត្ត,Positive,
1408,ច្រៀងរបស់អ្នកធ្វើឲ្យខ្ញុំមានអារម្មណ៍ស្រស់ស្អាត,Positive,
1409,សំឡេងច្រៀងរបស់អ្នកមានភាពកក់ក្ដៅ,Positive,
1410,បទចម្រៀងនេះមានការច្រៀងអស្ចារ្យ,Positive ,
1411,រឿងនេះមានសាច់ដៃដ៏អស្ចារ្យ និងមានការចងចាំដល់អស់,positive,
1412,ការរចនាសម្រួលក្នុងរឿងធ្វើឲ្យមានភាពស្រស់ស្អាតបំផុត,Positive,
1413,រឿងនេះបង្ហាញពីភាពកក់ក្តៅរបស់អារម្មណ៍,Positive,
1414,សំឡេងសម្ដែងក្នុងរឿងមានភាពផ្អែមតាមរឿង,Positive,
1415,រឿងនេះមានភាពភ្ញាក់ផ្អើលដ៏អស្ចារ្យ,Positive,
1416,ដំណើររឿងអាចបង្ហាញនូវភាពអស្ចារ្យ,Positive ,
1417,ការរៀបចំតំណភ្ជាប់ក្នុងរឿងគឺស្អាត និងជាប់ព្រឺត,Negative,
1418,រឿងនេះសំដែងដោយចលនាដ៏ទាក់ទាញ,Positive ,
1419,ការចាក់បញ្ញក់ក្នុងរឿងធ្វើឲ្យការសម្របសម្រួលมีភាពស្រស់ស្អាត,Positive ,
1420,ឯកសត់របស់រឿងគឺទាក់ទាញចិត្ត,Positive ,
1421,ការចាត់តាំងទីតាំងក្នុងរឿងធ្វើឲ្យមានភាពទាក់ទាញ,Positive ,
1422,រឿងនេះមានភាពអស្ចារ្យដែលអាចចាប់ផ្តើមក្តីស្រលាញ់,Positive ,
1423,ការបង្ហាញភាពចងចាំរបស់រឿងធ្វើឲ្យមានភាពស្រស់ស្អាត,Positive,
1424,ដំណើររឿងអាចបង្ហាញនូវភាពទាក់ទាញដែលពិភាក្សាសម្រស់,Positive,
1425,ការចាក់បញ្ញក់ក្នុងរឿងធ្វើឲ្យមានភាពកក់ក្តៅ,Positive,
1426,រឿងនេះបង្ហាញពីការស្រាវជ្រាវដ៏ល្អ,Positive,
1427,ការវាយតម្លៃរបស់រឿងគឺមានភាពឆ្លងកាត់,positive,
1428,ដំណើររឿងអាចបង្ហាញនូវភាពអស្ចារ្យ,Positive ,
1429,ការវាយតម្លៃរបស់រឿងមានភាពពិភាក្សា,Positive ,
1430,រឿងនេះសំដែងដោយមានការវិភាគដ៏អស្ចារ្យ,Positive ,
1431,ការពិភាក្សាសម្រស់របស់រឿងធ្វើឲ្យវាពិតជាស្អាត,Positive,
1432,ឯកសត់របស់រឿងធ្វើឲ្យមានការពិភាក្សានិងការគិតស្រលាញ់,positive,
1433,រឿងនេះសំដែងដោយគោលការណ៍ដែលទាក់ទាញចិត្ត,Positive,
1434,ការបង្ហាញភីលរបស់រឿងគឺមានភាពផ្អែមចាប់ផ្តើម,Positive,
1435,រឿងនេះមានភាពអស្ចារ្យដែលអាចទាក់ទាញចិត្ត,Positive,
1436,ការវាយតម្លៃដ៏ពិសេសរបស់រឿងធ្វើឲ្យមានការពិភាក្សាសម្រស់ស្អាត,Positive ,
1437,ឯកសត់របស់រឿងធ្វើឲ្យមានការពិភាក្សានិងការគិតស្រលាញ់,Positive,
1438,រឿងនេះសំដែងដោយគោលការណ៍ដែលទាក់ទាញចិត្ត,Positive ,
1439,ការបង្ហាញភីលរបស់រឿងគឺមានភាពផ្អែមចាប់ផ្តើម,Negative ,
1440,រឿងនេះមានភាពអស្ចារ្យដែលអាចទាក់ទាញចិត្ត,Positive ,
1441,ការវាយតម្លៃដ៏ពិសេសរបស់រឿងធ្វើឲ្យមានការពិភាក្សាសម្រស់ស្អាត,Positive,
1442,ឯកសត់របស់រឿងធ្វើឲ្យមានការពិភាក្សានិងការគិតស្រលាញ់,Positive,
1443,រឿងនេះបង្ហាញពីការស្ថានភាពទាក់ទាញ,Positive,
1444,ការជម្រះរបស់រឿងមានភាពសម្តែងបញ្ចុះ,Negative ,
1445,ការជ្រើសរើសអក្សរជារបស់រឿងមានភាពអស្ចារ្យ,Positive ,
1446,ដំណើររឿងបង្ហាញពីភាពឆ្លងកាត់គួរឲ្យកត់សម្គាល់,Positive ,
1447,ការរៀបចំពន្លឺក្នុងរឿងធ្វើឲ្យមានភាពស្រស់ស្អាត,Positive ,
1448,រឿងនេះសំដែងដោយមានការចេះគ្រាដ៏គួរឱ្យចាប់អារម្មណ៍,Positive ,
1449,សំណងរបស់រឿងមានភាពផ្អែមតាមរឿង,Positive ,
1450,រឿងនេះបង្ហាញពីការតែងតាំងទីតាំងដ៏ទាក់ទាញ,Positive ,
1451,ការវិភាគរបស់រឿងសំដែងអោយឃើញពីភាពយ៉ាងពិសេស,Positive ,
1452,រឿងនេះមានការចាក់ទាញចិត្តដ៏អស្ចារ្យ,Positive ,
1453,ការវាយតម្លៃរបស់រឿងមានភាពគួរឱ្យគិតស្រលាញ់,Positive ,
1454,រឿងនេះបង្ហាញពីភាពស្រស់ស្អាតរបស់សណ្តាប់ថត,Negative ,
1455,ការចាក់បញ្ញក់របស់រឿងធ្វើឲ្យមានភាពកក់ក្តៅ,Positive,
1456,រឿងនេះមានការវិភាគច្បាស់លាស់ដល់សាច់ដៃ,Negative ,
1457,សំនាញរបស់រឿងសំដែងអោយឃើញពីភាពសម្តែង,Negative ,
1458,ការច្រៀងរបស់រឿងធ្វើឲ្យមានភាពកក់ក្តៅ,Positive,
1459,រឿងនេះបង្ហាញពីភាពផ្អែមស្រអាប់,Negative,
1460,ដំណើររឿងសំដែងអោយឃើញពីភាពចងចាំ,Positive ,
1461,រឿងនេះបង្ហាញពីការដេញចិត្តក្តីស្រលាញ់,Negative ,
1462,ការវាយតម្លៃរបស់រឿងមានភាពឆ្លងកាត់គួរឲ្យអស្ចារ្យ,Positive,
1463,រឿងនេះមានភាពចម្ខោចរបស់បន្ទុះនិងសំលេង,Negative ,
1464,ការវិភាគរបស់រឿងសំដែងអោយឃើញពីភាពស្រស់ស្អាត,Negative,
1465,រឿងនេះមានភាពដូចជាវិបត្តិស្រកបញ្ចប់,Negative ,
1466,ការចាក់តាំងរបស់រឿងធ្វើឲ្យមានភាពស្រស់ស្អាត,Negative ,
1467,រឿងនេះបង្ហាញពីការបង្ហាញដ៏អស្ចារ្យ,Positive ,
1468,ការវាយតម្លៃរបស់រឿងធ្វើឲ្យមានការជ្រើសរើសនិងការគិតស្រលាញ់,Positive ,
1469,រឿងនេះបង្ហាញពីភាពទាក់ទាញចិត្ត,Positive ,
1470,ការវិភាគរបស់រឿងមានភាពដូចជាស្រកបញ្ចប់,Negative ,
1471,ការចាត់តាំងរបស់រឿងធ្វើឲ្យមានភាពស្រស់ស្អាត,Negative ,
1472,រឿងនេះបង្ហាញពីភាពសម្តែងសាច់ដៃសម្រួល,Negative ,
1473,ការវាយតម្លៃរបស់រឿងមានភាពចម្ខោចរបស់បន្ទុះ,Negative ,
1474,រឿងនេះបង្ហាញពីភាពទាក់ទាញចិត្ត,Positive,
1475,រឿងនេះបង្ហាញពីភាពកក់ក្តៅរបស់អារម្មណ៍,Positive,
1476,ដំណើររឿងអាចបង្ហាញនូវភាពទាក់ទាញ,Positive,
1477,ការវាយតម្លៃរបស់រឿងធ្វើឲ្យមានភាពពិភាក្សា,Positive ,
1478,រឿងនេះបង្ហាញពីភាពអស្ចារ្យ,Positive,
1479,ការងារបន្តិចបន្តួចរបស់រឿងធ្វើឲ្យមានភាពអស្ចារ្យ,Positive ,
1480,ដំណើររឿងគឺមានភាពអស្ចារ្យ,Positive ,
1481,រឿងនេះសំដែងដោយមានភាពស្រស់ស្អាត,Positive,
1482,ការច្រៀងរបស់រឿងធ្វើឲ្យមានភាពទាក់ទាញ,Negative ,
1483,រឿងនេះបង្ហាញពីការជំរុញឱ្យក្លាយជាមនុស្សល្អ,Positive,
1484,ដំណើររឿងសំដែងអោយឃើញពីភាពគួរឱ្យស្រលាញ់,Positive,
1485,ការងារអ្នកសម្តែងធ្វើឲ្យមានភាពជាក់ស្រាក,Negative ,
1486,រឿងនេះបង្ហាញពីការបង្ហាញភាពខុសគ្នា,Positive ,
1487,ដំណើររឿងអាចបង្ហាញនូវភាពផ្អែមរបស់អារម្មណ៍,Negative ,
1488,ការងារបន្ទុះនិងសំលេងរបស់រឿងមានភាពស្រស់ស្អាត,Negative ,
1489,រឿងនេះសំដែងដោយមានការចេះត្រឹមត្រូវ,Positive ,
1490,ការវាយតម្លៃរបស់រឿងសំដែងអោយឃើញពីភាពចម្ខោច,Negative ,
1491,រឿងនេះបង្ហាញពីការស្រាវជ្រាវរបស់គេ,Positive ,
1492,ដំណើររឿងគឺមានភាពចម្ខោច,Positive ,
1493,រឿងនេះបង្ហាញពីភាពជោគជ័យ,Positive ,
1494,ការចាត់តាំងរបស់រឿងធ្វើឲ្យមានភាពស្រស់ស្អាត,Negative ,
1495,រឿងនេះសំដែងដោយមានភាពឆ្លងកាត់,Positive ,
1496,រឿងនេះបង្ហាញពីការជ្រើសរើសស្នាដៃដ៏គួរឱ្យចាប់អារម្មណ៍,Positive ,
1497,ដំណើររឿងបង្ហាញអោយឃើញពីភាពជោគជ័យ,Positive ,
1498,រឿងនេះមានភាពផ្អែមនៃស្នេហ៍,Negative ,
1499,ការវាយតម្លៃរបស់រឿងសំដែងអោយឃើញពីភាពចម្ខោច,Negative ,
1500,រឿងនេះបង្ហាញពីភាពដូចជាពិត,Positive ,
1501,ដំណើររឿងគឺមានភាពអស្ចារ្យ,Positive ,
1502,ការចាក់តាំងរបស់រឿងធ្វើឲ្យមានភាពស្រស់ស្អាត,Negative ,
1503,រឿងនេះសំដែងដោយមានការចេះត្រឹមត្រូវ,Positive ,
1504,រឿងនេះបង្ហាញពីការចេះរបស់អ្នកសម្តែង,Positive,
1505,ដំណើររឿងបង្ហាញអោយឃើញពីភាពសម្រស់,Positive ,
1506,រឿងនេះសំដែងដោយមានភាពជោគជ័យ,Positive ,
1507,ការវាយតម្លៃរបស់រឿងសំដែងអោយឃើញពីភាពចម្ខោច,Negative ,
1508,រឿងនេះបង្ហាញពីភាពធូរធុង,Negative ,
1509,ដំណើររឿងអាចបង្ហាញនូវភាពស្រស់ស្អាត,Positive ,
1510,ការងារបន្តិចបន្តួចរបស់រឿងធ្វើឲ្យមានភាពអស្ចារ្យ,Positive ,
1511,រឿងនេះសំដែងដោយមានភាពស្អាត,Positive ,
1512,ការវាយតម្លៃរបស់រឿងមានភាពឆ្លងកាត់,Positive ,
1513,ដំណើររឿងមានភាពអស្ចារ្យ,Positive ,
1514,រឿងនេះបង្ហាញពីការគិតស្រលាញ់ដ៏អស្ចារ្យ,Positive ,
1515,ដំណើររឿងអាចបង្ហាញនូវភាពអស្ចារ្យ,Positive ,
1516,រឿងនេះបង្ហាញពីភាពស្រស់ស្អាតរបស់សណ្តាប់ថត,Negative ,
1517,ការចាក់តាំងរបស់រឿងធ្វើឲ្យមានភាពស្រស់ស្អាត,Negative ,
1518,រឿងនេះសំដែងដោយមានការចេះត្រឹមត្រូវ,Positive ,
1519,ការវាយតម្លៃរបស់រឿងសំដែងអោយឃើញពីភាពចម្ខោច,Negative ,
1520,រឿងនេះបង្ហាញពីភាពដូចជាពិត,Positive ,
1521,ដំណើររឿងគឺមានភាពអស្ចារ្យ,Positive ,
1522,ការវាយតម្លៃរបស់រឿងមានភាពពិភាក្សា,Positive ,
1523,រឿងនេះបង្ហាញពីភាពជោគជ័យ,Positive ,
1524,ការវាយតម្លៃរបស់រឿងមានភាពកក់ក្តៅ,Positive ,
1525,រឿងនេះបង្ហាញពីការពិភាក្សាសម្រស់,Negative,
1526,ដំណើររឿងមានភាពអស្ចារ្យ,Positive ,
1527,ការវាយតម្លៃរបស់រឿងសំដែងអោយឃើញពីភាពចម្ខោច,Negative ,
1528,រឿងនេះសំដែងដោយមានភាពឆ្លងកាត់,Positive ,
1529,រឿងនេះបង្ហាញពីការគិតស្រលាញ់ដ៏អស្ចារ្យ,Positive,
1530,ការចាក់តាំងរបស់រឿងធ្វើឲ្យមានភាពស្រស់ស្អាត,Negative ,
1531,រឿងនេះបង្ហាញពីភាពស្រស់ស្អាតរបស់សណ្តាប់ថត,Negative,
1532,ការវាយតម្លៃរបស់រឿងសំដែងអោយឃើញពីភាពចម្ខោច,Negative ,
1533,រឿងនេះបង្ហាញពីភាពដូចជាពិត,Positive ,
1534,ដំណើររឿងគឺមានភាពអស្ចារ្យ,Positive ,
1535,ការវាយតម្លៃរបស់រឿងមានភាពឆ្លងកាត់,Positive,
1536,ស្អាតសង្ហាហើយច្រៀងពីរោះទៀត,Positive,
1538,អ៊ែមណាស់សុំសរសើ,Positive,
1539,ល្បីហើយគិតពីសុខភាពផង,Negative,
1540,ប្រយ័ត្នមានលុយច្រើនអត់បានចាយ,Negative,
1541,ថ្ងៃណាមួយនឹងបានស្តាប់ចម្រៀង,Negative,
1542,សមត្តភាពមិនធម្មតា,Positive,
1543,ពិរោះ លូយ,Positive,
1544,អេមណាស់មេ,Positive,
1545,ទទួលយកបទពិសោធន៍ថ្មី ,Positive,
1546,ជូនពរបងប្អូនសុខសប្បាយ,Positive,
1547,មួយៗតែខ្លឹម,Positive,
1548,មិនធ្វើអោយហ្វេនខកបំណងទេ,Positive,
1549,បទនេះស្ដាប់ហើយមានកម្លាំងស៊ូទៅមុខបន្ត កុំចុះចាញ់,Positive,
1550,ចាប់ផ្ដើមធ្វើរឿងណាដែលថ្មី ដើម្បីបង្កើតទំព័រជីវិតថ្មី,Negative,
1551,លូយប្រូ,Positive,
1552,មានន័យជ្រៅជាងស្រាផែនដី,Positive,
1553,ស្តាប់ហេីយមានអារម្មណ័ស្រស់ស្រាយ,Positive,
1554,️ ខ្ញុំនៅក្នុងអារម្មណ៍អ្នក,Negative,
1555,អេមណាស់សម្លេងបង,Positive,
1556,អត្ថន័យល្អណាស់បង,Positive,
1557,គ្រាន់តែជាអតីតសំខាន់បច្ចុប្បន្ន,Positive,
1558,សំខាន់ការពិតនៅតែជាការពិត,Positive,
1559,ស្ដាប់ហើយចង់ស្តាប់ទៀត,Positive,
1560,មួយបទនេះងាយស្រួលស្ដាប់,Positive,
1561,កំពូលអ្នកលេងចុងជួន​,Positive,
1562,អេម​ណាស់,Positive,
1563,ស្តាបមួយថ្ងៃប្រាំដង,Positive,
1564,តែចម្រៀងនេះមានន័យជ្រៅ និងលើកទឹកចិត្ត,Positive,
1565,បទនេះឡូម្លេះមានន័យដូចបងវណ្ណដាដែរ,Positive,
1566,អត្ថន័យកប់ខ្លាំងៗ,Positive,
1567,មួយបទពេញចិត្ត,Positive,
1568,មានន័យណាស់,Positive,